-1345.5,-1352.5,-1357.5,-1359.5,-1364.5,-1370.5,-1375,-1379.5,-1384,-1388,-1392,-1393,-1397.5,-1401.5,-1406.5,-1410,-1416.5,-1423,-1428.5,-1432.5,-1433,-1433,-1428.5,-1422,-1415,-1409,-1406,-1406.5,-1405,-1404,-1403.5,-1400,-1397.5,-1396.5,-1389.5,-1387.5,-1381.5,-1376,-1374,-1371,-1365.5,-1359,-1356.5,-1353.5,-1350,-1345,-1342.5,-1338.5,-1333,-1327.5,-1323.5,-1319.5,-1313,-1306.5,-1301,-1294.5,-1286,-1280,-1275,-1272,-1266,-1260.5,-1253,-1246.5,-1237.5,-1229.5,-1225,-1221,-1214,-1205,-1197.5,-1190,-1182,-1176,-1172,-1167.5,-1160,-1157,-1154,-1151,-1145.5,-1142,-1140.5,-1138,-1135.5,-1135.5,-1134.5,-1133.5,-1132,-1129.5,-1126.5,-1124.5,-1125.5,-1125.5,-1126.5,-1127,-1129.5,-1133.5,-1135.5,-1134.5
-1338.5,-1344,-1348.5,-1354,-1359,-1366,-1371,-1374,-1376.5,-1380.5,-1385,-1385.5,-1389,-1391.5,-1394.5,-1398.5,-1406,-1410,-1415.5,-1419.5,-1422.5,-1420,-1418,-1409.5,-1405.5,-1401,-1396,-1396.5,-1395.5,-1395,-1394.5,-1390.5,-1390,-1385.5,-1381,-1377,-1373.5,-1370,-1367,-1362,-1356.5,-1353.5,-1351,-1347.5,-1343,-1337.5,-1334.5,-1330.5,-1326,-1323,-1317,-1312.5,-1309.5,-1304.5,-1297.5,-1290,-1284,-1278,-1274,-1269.5,-1264,-1258.5,-1252,-1246,-1239.5,-1231,-1228.5,-1222.5,-1213.5,-1203.5,-1193.5,-1187,-1180.5,-1175,-1169,-1163,-1158.5,-1154.5,-1152,-1147,-1143,-1139.5,-1137.5,-1136,-1133.5,-1132.5,-1130.5,-1128.5,-1128.5,-1127.5,-1122.5,-1122,-1121.5,-1122,-1123,-1122,-1124,-1126.5,-1127.5,-1128.5
-1329.5,-1335.5,-1341,-1347.5,-1352.5,-1358,-1363,-1367.5,-1371.5,-1375,-1378,-1379,-1381.5,-1384,-1385,-1389,-1394,-1398.5,-1403.5,-1407,-1410.5,-1409,-1405,-1399,-1395.5,-1392.5,-1389.5,-1388,-1386.5,-1386,-1385,-1381,-1380.5,-1377.5,-1374.5,-1370,-1366,-1362,-1358,-1354.5,-1351,-1348.5,-1345,-1340.5,-1333.5,-1331,-1328,-1326,-1321,-1317,-1311.5,-1308.5,-1305.5,-1300,-1292.5,-1286.5,-1282.5,-1277.5,-1273.5,-1267,-1262,-1256.5,-1250.5,-1244.5,-1238.5,-1232,-1228.5,-1221.5,-1211.5,-1199,-1191,-1185.5,-1178.5,-1172.5,-1164.5,-1158.5,-1154,-1151,-1148.5,-1145.5,-1141,-1138,-1136.5,-1134,-1132.5,-1130,-1128,-1126.5,-1126,-1123,-1120.5,-1120,-1119,-1118,-1118.5,-1118.5,-1119.5,-1120.5,-1123,-1124.5
-1321,-1329.5,-1334.5,-1340,-1346,-1351.5,-1357,-1359,-1363.5,-1366.5,-1369.5,-1374,-1377,-1378.5,-1380.5,-1383.5,-1387,-1388,-1391.5,-1394.5,-1395,-1394.5,-1392,-1388.5,-1385,-1382.5,-1381.5,-1379,-1378.5,-1378,-1375.5,-1373.5,-1372.5,-1368.5,-1365,-1361.5,-1359,-1355,-1350,-1347,-1344,-1340.5,-1336.5,-1335,-1329.5,-1325.5,-1322.5,-1318.5,-1313.5,-1310.5,-1307,-1303,-1298,-1294,-1288.5,-1283.5,-1280,-1276,-1270.5,-1264.5,-1260.5,-1255,-1249,-1244,-1237.5,-1231,-1226.5,-1218,-1210,-1197.5,-1190,-1184,-1178,-1171,-1164.5,-1157,-1153,-1148,-1145.5,-1144,-1139.5,-1136.5,-1134.5,-1132.5,-1131,-1128.5,-1127,-1125.5,-1123.5,-1122,-1120,-1119,-1117,-1116,-1116,-1116,-1115.5,-1116.5,-1117.5,-1118
-1316,-1324,-1330.5,-1335.5,-1339.5,-1344.5,-1350,-1353.5,-1356,-1359.5,-1364,-1366,-1370.5,-1371.5,-1373,-1374.5,-1379.5,-1380,-1381.5,-1382,-1383.5,-1380.5,-1380,-1378.5,-1376,-1373.5,-1372.5,-1371,-1370.5,-1367.5,-1365,-1363.5,-1362,-1359,-1357.5,-1353.5,-1350.5,-1347.5,-1343.5,-1341,-1337,-1334.5,-1331.5,-1330,-1322.5,-1318.5,-1317,-1312,-1307,-1304.5,-1300.5,-1295.5,-1293,-1289.5,-1285,-1282,-1278.5,-1274.5,-1268,-1262,-1257.5,-1253.5,-1248,-1241.5,-1235.5,-1229.5,-1223.5,-1212.5,-1203.5,-1196.5,-1188.5,-1184,-1175.5,-1168.5,-1161.5,-1156,-1151.5,-1146.5,-1143,-1141,-1138,-1135.5,-1134,-1132,-1131,-1128.5,-1126.5,-1123,-1121.5,-1120.5,-1119.5,-1118,-1116,-1115.5,-1115.5,-1116,-1114.5,-1114,-1113.5,-1114
-1308.5,-1317.5,-1322.5,-1329,-1335,-1337.5,-1342.5,-1347,-1352,-1355,-1357.5,-1359,-1360.5,-1362,-1364,-1367,-1368.5,-1371,-1370.5,-1372,-1373.5,-1371,-1370.5,-1368,-1366,-1365.5,-1363,-1362,-1361.5,-1359.5,-1356,-1354.5,-1351.5,-1350.5,-1347,-1344.5,-1342,-1340,-1336.5,-1335,-1331.5,-1330.5,-1329,-1324,-1318.5,-1314.5,-1310.5,-1305.5,-1302,-1298,-1295,-1291,-1287.5,-1285,-1282,-1279,-1274,-1270.5,-1264.5,-1260,-1255.5,-1251.5,-1245,-1240,-1236,-1230,-1222.5,-1214,-1205,-1196.5,-1188,-1180.5,-1173.5,-1166,-1159.5,-1155,-1150,-1145.5,-1141.5,-1139.5,-1137.5,-1135.5,-1133,-1132,-1130,-1128,-1126,-1123,-1121,-1119.5,-1117.5,-1116.5,-1115,-1114,-1114,-1115,-1114.5,-1113.5,-1112,-1112
-1303,-1307.5,-1314,-1317.5,-1326.5,-1330.5,-1333.5,-1340.5,-1344,-1349,-1349.5,-1352,-1354,-1353.5,-1356.5,-1359,-1361,-1362,-1360.5,-1360.5,-1364.5,-1363.5,-1360.5,-1358.5,-1357.5,-1356.5,-1356,-1354.5,-1353,-1351.5,-1347.5,-1345,-1343.5,-1341.5,-1340,-1337.5,-1334.5,-1331.5,-1330,-1329,-1327,-1326,-1322,-1318,-1314,-1311,-1306,-1301,-1296,-1293,-1289.5,-1286,-1284,-1281,-1277,-1273.5,-1269.5,-1266.5,-1263,-1257,-1254,-1249.5,-1244,-1238.5,-1235,-1228.5,-1223,-1216.5,-1206.5,-1198,-1185.5,-1177,-1170,-1163.5,-1159.5,-1154,-1148.5,-1144.5,-1141.5,-1139.5,-1136.5,-1134.5,-1132,-1131,-1129,-1126.5,-1125,-1122,-1120.5,-1118.5,-1117,-1115.5,-1113.5,-1112.5,-1112,-1112,-1112.5,-1111,-1109,-1110.5
-1298.5,-1301.5,-1308,-1311.5,-1317.5,-1322,-1324,-1331.5,-1335,-1341,-1342.5,-1344,-1347.5,-1348,-1349.5,-1350,-1350.5,-1352,-1351,-1351,-1353.5,-1353.5,-1352,-1351,-1349,-1348.5,-1348,-1348,-1347,-1343.5,-1340.5,-1338,-1334.5,-1333.5,-1332.5,-1330.5,-1328.5,-1326.5,-1324.5,-1324,-1322,-1320.5,-1317.5,-1314.5,-1309.5,-1304.5,-1300.5,-1296,-1291,-1287,-1283.5,-1280,-1278,-1276.5,-1273,-1269.5,-1265,-1261,-1258,-1254.5,-1250.5,-1246.5,-1242,-1238,-1233.5,-1228.5,-1222,-1214.5,-1206.5,-1197.5,-1184.5,-1174,-1168,-1162,-1158.5,-1152,-1148.5,-1144,-1141,-1138.5,-1135.5,-1132.5,-1130.5,-1129.5,-1127,-1125,-1123.5,-1122,-1119.5,-1118,-1117,-1115,-1112.5,-1111.5,-1110.5,-1110,-1109.5,-1108,-1107.5,-1107.5
-1291,-1297.5,-1302,-1306,-1311,-1312.5,-1318.5,-1322,-1327,-1332.5,-1334.5,-1337.5,-1339,-1341,-1342,-1342.5,-1342.5,-1343,-1344.5,-1344.5,-1342,-1343.5,-1342.5,-1342,-1342,-1340,-1339.5,-1338.5,-1338,-1334.5,-1333.5,-1330,-1328,-1326.5,-1324.5,-1324,-1321.5,-1319.5,-1319.5,-1318.5,-1316.5,-1315.5,-1312.5,-1309,-1302.5,-1298,-1293.5,-1289.5,-1285.5,-1283.5,-1280,-1276,-1273,-1273,-1270.5,-1266,-1261,-1256.5,-1253.5,-1251,-1248,-1243,-1239,-1236,-1232.5,-1227,-1223,-1216.5,-1206.5,-1197,-1185.5,-1173.5,-1166,-1160,-1157,-1153.5,-1149,-1144,-1141,-1138,-1134.5,-1131.5,-1129,-1127.5,-1125.5,-1124,-1123,-1121,-1119,-1117.5,-1116.5,-1114.5,-1112.5,-1110.5,-1109,-1108,-1106.5,-1106,-1106,-1106
-1283,-1289,-1296.5,-1300.5,-1303.5,-1304.5,-1310,-1314,-1319.5,-1324,-1324.5,-1327.5,-1330.5,-1332.5,-1333,-1335.5,-1334.5,-1335,-1336,-1336.5,-1334.5,-1334,-1333.5,-1334,-1332.5,-1331,-1331,-1330.5,-1328,-1326.5,-1325,-1323,-1322,-1321.5,-1318.5,-1318,-1316,-1313.5,-1314.5,-1313,-1312,-1310,-1306,-1302.5,-1297,-1293,-1289.5,-1286,-1279.5,-1278,-1275,-1270.5,-1268,-1267.5,-1263.5,-1259,-1256.5,-1251.5,-1249.5,-1248.5,-1244.5,-1241,-1238,-1234,-1231,-1226,-1220,-1212,-1203.5,-1193.5,-1181.5,-1172,-1166,-1160.5,-1157,-1152,-1148,-1144,-1140,-1137.5,-1133.5,-1131,-1128.5,-1126,-1124.5,-1123,-1121,-1120,-1118,-1117,-1116,-1114,-1111.5,-1110,-1108.5,-1107.5,-1106,-1105,-1105,-1105
-1277,-1283,-1287,-1291,-1296.5,-1299,-1302.5,-1306,-1311,-1315.5,-1317,-1319,-1321,-1323,-1325.5,-1326.5,-1326,-1327,-1327.5,-1327.5,-1327.5,-1327,-1328,-1325.5,-1325.5,-1325.5,-1324,-1322,-1319,-1319,-1316.5,-1316,-1315,-1314.5,-1312,-1311.5,-1308.5,-1306.5,-1307.5,-1305.5,-1304,-1300,-1298,-1295,-1289.5,-1287.5,-1285,-1282.5,-1275,-1271,-1268,-1264.5,-1263,-1259.5,-1257,-1253,-1252,-1247.5,-1245,-1243.5,-1242,-1238.5,-1236.5,-1233.5,-1229,-1223.5,-1218,-1207.5,-1200,-1192,-1180,-1174.5,-1169.5,-1161.5,-1158,-1151,-1148,-1144,-1139.5,-1136,-1133,-1130,-1127.5,-1126,-1124.5,-1123,-1121.5,-1120,-1118.5,-1116.5,-1115,-1113,-1110.5,-1110,-1109,-1107.5,-1106,-1105,-1105,-1106
-1270.5,-1277.5,-1281.5,-1284.5,-1289.5,-1292.5,-1295.5,-1299,-1302,-1306,-1309.5,-1311,-1313,-1315,-1317,-1319,-1319,-1319,-1320.5,-1320,-1319,-1320.5,-1320,-1318.5,-1317,-1315.5,-1315.5,-1314.5,-1312,-1310.5,-1308.5,-1308,-1306.5,-1306,-1305.5,-1303,-1300,-1300.5,-1300.5,-1297.5,-1294.5,-1292,-1290,-1288,-1284,-1280,-1277,-1274.5,-1271,-1266.5,-1263,-1260.5,-1258,-1254,-1251.5,-1248,-1247,-1244,-1242.5,-1240.5,-1238.5,-1236,-1233.5,-1231,-1227.5,-1222.5,-1216,-1204.5,-1194,-1188.5,-1181.5,-1173,-1167,-1162,-1155.5,-1151.5,-1148,-1143,-1139.5,-1136,-1132.5,-1129.5,-1127.5,-1125.5,-1124,-1124,-1122,-1120,-1118.5,-1116,-1115,-1113,-1110.5,-1109.5,-1109,-1107.5,-1106,-1106,-1107.5,-1110
-1265.5,-1270,-1274.5,-1279.5,-1282,-1285,-1287.5,-1293,-1295,-1298,-1301.5,-1303.5,-1306,-1309,-1310,-1310.5,-1311.5,-1313.5,-1313,-1312,-1313,-1313,-1313.5,-1310.5,-1309,-1307,-1306,-1305.5,-1304.5,-1303,-1301.5,-1300.5,-1299.5,-1299,-1299,-1296.5,-1293,-1292,-1292,-1290,-1287,-1285,-1283,-1279,-1275,-1271.5,-1269.5,-1267.5,-1264,-1261.5,-1258.5,-1255,-1252.5,-1251,-1247,-1244,-1241.5,-1238.5,-1239,-1238.5,-1238,-1234,-1230,-1227.5,-1225.5,-1220,-1211.5,-1203.5,-1192.5,-1187,-1180.5,-1171.5,-1166.5,-1161.5,-1154.5,-1151,-1146.5,-1142,-1138.5,-1136,-1133.5,-1130,-1127.5,-1125.5,-1125,-1123.5,-1122,-1119.5,-1118,-1116,-1114.5,-1113,-1111.5,-1109.5,-1108.5,-1107.5,-1106.5,-1106.5,-1108.5,-1113.5
-1257,-1263,-1264,-1269,-1272.5,-1275.5,-1279,-1283.5,-1287,-1289.5,-1292,-1295,-1298,-1301.5,-1303,-1304.5,-1305,-1305.5,-1304.5,-1304.5,-1305.5,-1306,-1306,-1304,-1302,-1299.5,-1299,-1298.5,-1297.5,-1296,-1295,-1294,-1293,-1293,-1292,-1288.5,-1287,-1284.5,-1283.5,-1280.5,-1277.5,-1277.5,-1275.5,-1273,-1269.5,-1265.5,-1263,-1261.5,-1257.5,-1255,-1252,-1249.5,-1247.5,-1246.5,-1243,-1240,-1238,-1234,-1234,-1234,-1233.5,-1229.5,-1224.5,-1222.5,-1220,-1217,-1211,-1200,-1192,-1182.5,-1178,-1171.5,-1166,-1160.5,-1154.5,-1149.5,-1146,-1142,-1139,-1136.5,-1134,-1132,-1130.5,-1127,-1126,-1123.5,-1122,-1120,-1118,-1116.5,-1114.5,-1113,-1112,-1110.5,-1109,-1108,-1107,-1106.5,-1109,-1115
-1249.5,-1254,-1257,-1262.5,-1266,-1268,-1272,-1275,-1279.5,-1281.5,-1283.5,-1287.5,-1289,-1293,-1295,-1295.5,-1296,-1296.5,-1297.5,-1298,-1298,-1297.5,-1296.5,-1296.5,-1295.5,-1292.5,-1290.5,-1290,-1290,-1288.5,-1288.5,-1286.5,-1286,-1285,-1282.5,-1281.5,-1279.5,-1276.5,-1275,-1272.5,-1271.5,-1270.5,-1268.5,-1266.5,-1263.5,-1260.5,-1258.5,-1256,-1251.5,-1249,-1247,-1245,-1243,-1241,-1237.5,-1235,-1232.5,-1230,-1230,-1229,-1227,-1224.5,-1219.5,-1218,-1214.5,-1212,-1204.5,-1198,-1190,-1180.5,-1174.5,-1169.5,-1164,-1159.5,-1155,-1150.5,-1146.5,-1143,-1140,-1137.5,-1134.5,-1134,-1132.5,-1128,-1126,-1124,-1122,-1120.5,-1119,-1117,-1115.5,-1113.5,-1112.5,-1112,-1109.5,-1108,-1108,-1108.5,-1110,-1113
-1242.5,-1247,-1251.5,-1254.5,-1257.5,-1261.5,-1262.5,-1266,-1270.5,-1274,-1275,-1277,-1281,-1284,-1284.5,-1286,-1286.5,-1286.5,-1288.5,-1289,-1290,-1289.5,-1289,-1290.5,-1287.5,-1286,-1283.5,-1283.5,-1283,-1283.5,-1280.5,-1280,-1279,-1277,-1275,-1274,-1272.5,-1270,-1268.5,-1265.5,-1265,-1264,-1262,-1257.5,-1255,-1251.5,-1252,-1250.5,-1246.5,-1243.5,-1239.5,-1239,-1237.5,-1236,-1233,-1230,-1228.5,-1226,-1225,-1223.5,-1220.5,-1218.5,-1216.5,-1213,-1210.5,-1206.5,-1199.5,-1191.5,-1186.5,-1177,-1172.5,-1167.5,-1162,-1159,-1156,-1151,-1148,-1145.5,-1142,-1138,-1135.5,-1133.5,-1131.5,-1128,-1126,-1124,-1122,-1120.5,-1119.5,-1116.5,-1115.5,-1114,-1113.5,-1111.5,-1110,-1109,-1109,-1110.5,-1112.5,-1114.5
-1236.5,-1239,-1243,-1246,-1252,-1254,-1256,-1260,-1265,-1267.5,-1268,-1269.5,-1272.5,-1274,-1275,-1278,-1279,-1279.5,-1279,-1281,-1281.5,-1282,-1281,-1283,-1281,-1279,-1277.5,-1275.5,-1274.5,-1274.5,-1272.5,-1271,-1270.5,-1269.5,-1268,-1266.5,-1266.5,-1264.5,-1264,-1259,-1258.5,-1257.5,-1254.5,-1250.5,-1247,-1245,-1242.5,-1242,-1239,-1236.5,-1235,-1233.5,-1231.5,-1231,-1228,-1225.5,-1223.5,-1222,-1220,-1218.5,-1217.5,-1216,-1213,-1210,-1206.5,-1200,-1192.5,-1186.5,-1181.5,-1175,-1170,-1166.5,-1162,-1159,-1156,-1152,-1149.5,-1147.5,-1144.5,-1140.5,-1136,-1134.5,-1132.5,-1129.5,-1127,-1124.5,-1122.5,-1121,-1118.5,-1116.5,-1115.5,-1114.5,-1114.5,-1112,-1111.5,-1110.5,-1111,-1111.5,-1114,-1117
-1230,-1233.5,-1235,-1240,-1244,-1246.5,-1249.5,-1253.5,-1257.5,-1259.5,-1260,-1262,-1265,-1267,-1268.5,-1269.5,-1270,-1271,-1271.5,-1275,-1276,-1275,-1272.5,-1272,-1271,-1270.5,-1268,-1267.5,-1268,-1266.5,-1265,-1264.5,-1264.5,-1262.5,-1260,-1258.5,-1258.5,-1258,-1258,-1255,-1251.5,-1249,-1245.5,-1241,-1240.5,-1238.5,-1236.5,-1234,-1233,-1231,-1230,-1228,-1226.5,-1225,-1223.5,-1221.5,-1219.5,-1218.5,-1216,-1215,-1213.5,-1213,-1209,-1205,-1200.5,-1194.5,-1187.5,-1184.5,-1181.5,-1176.5,-1172,-1168.5,-1163,-1160.5,-1156.5,-1152.5,-1150.5,-1149.5,-1145.5,-1142.5,-1138.5,-1136.5,-1135,-1132,-1128.5,-1126,-1124,-1121.5,-1119,-1117.5,-1116.5,-1116.5,-1116.5,-1114,-1113,-1112,-1112,-1113,-1114.5,-1115.5
-1223,-1226.5,-1228,-1231.5,-1235.5,-1239,-1241,-1245,-1247,-1249.5,-1251.5,-1253,-1258,-1259.5,-1260.5,-1262,-1262,-1261.5,-1263.5,-1268,-1268,-1265.5,-1265,-1263,-1261.5,-1260.5,-1259.5,-1258.5,-1258,-1256.5,-1254.5,-1257,-1257,-1254,-1253,-1252,-1249.5,-1248,-1246.5,-1243.5,-1242.5,-1239.5,-1238,-1236,-1233.5,-1232,-1230.5,-1229.5,-1227,-1224.5,-1223.5,-1222.5,-1221.5,-1219.5,-1218,-1216.5,-1215,-1212.5,-1212,-1210,-1209,-1208.5,-1206.5,-1202.5,-1197,-1192.5,-1187,-1184,-1182.5,-1177,-1174,-1171,-1166,-1164,-1161.5,-1156.5,-1155,-1152.5,-1147,-1144.5,-1142.5,-1140.5,-1137,-1133.5,-1130,-1127,-1125,-1122.5,-1118.5,-1117,-1117.5,-1119,-1119.5,-1116,-1115,-1114,-1113.5,-1112,-1113,-1113
-1217.5,-1221,-1223,-1225.5,-1229,-1233,-1234.5,-1234,-1238.5,-1242.5,-1244,-1246,-1250,-1253.5,-1253.5,-1255,-1255,-1255.5,-1255.5,-1257,-1258.5,-1257.5,-1257,-1256,-1253,-1252,-1251.5,-1250.5,-1248.5,-1248,-1247.5,-1249.5,-1250.5,-1247,-1245,-1243.5,-1241.5,-1238.5,-1238,-1236.5,-1236,-1232.5,-1231,-1229.5,-1227.5,-1226,-1224.5,-1222.5,-1222,-1220,-1219,-1217,-1215.5,-1214.5,-1213.5,-1211.5,-1210,-1209.5,-1208.5,-1206.5,-1205.5,-1204.5,-1203,-1200,-1196,-1192,-1188,-1185,-1183.5,-1181,-1177.5,-1174.5,-1170.5,-1169,-1164.5,-1163,-1161,-1157.5,-1151,-1148.5,-1145.5,-1143.5,-1139.5,-1138,-1134.5,-1129,-1125.5,-1123,-1119.5,-1117,-1119,-1120,-1119,-1116,-1114.5,-1113.5,-1113,-1110,-1110,-1108.5
-1212.5,-1215,-1218,-1221.5,-1222,-1224,-1226,-1228.5,-1232,-1235,-1236,-1238.5,-1240.5,-1243.5,-1245,-1246.5,-1246,-1247.5,-1247,-1247.5,-1247,-1247,-1246.5,-1244.5,-1244.5,-1245,-1244.5,-1244,-1244,-1240,-1239.5,-1240.5,-1240.5,-1238,-1235.5,-1235,-1234,-1230.5,-1230,-1230,-1228,-1226.5,-1226,-1225.5,-1222.5,-1220,-1219,-1217.5,-1217,-1215,-1212,-1210.5,-1210.5,-1210.5,-1208.5,-1206.5,-1206.5,-1205,-1204.5,-1203.5,-1202,-1201,-1200.5,-1197.5,-1195.5,-1192.5,-1190,-1187,-1185.5,-1183.5,-1181,-1178.5,-1177.5,-1176,-1172,-1170,-1166,-1164,-1161,-1156.5,-1151.5,-1149.5,-1145,-1143,-1139.5,-1133,-1127.5,-1124,-1122,-1118,-1116.5,-1116,-1116,-1115.5,-1113.5,-1112,-1109.5,-1109,-1108.5,-1106.5
-1206,-1209,-1213,-1214,-1216,-1218,-1221,-1222,-1224,-1226.5,-1228.5,-1230,-1232,-1233.5,-1235,-1237.5,-1239,-1239,-1241,-1240.5,-1239.5,-1240.5,-1239.5,-1238,-1238,-1238.5,-1237,-1235.5,-1235.5,-1234.5,-1233.5,-1233,-1231.5,-1229.5,-1228.5,-1227,-1226.5,-1223.5,-1223,-1224,-1221.5,-1220,-1220,-1220,-1217.5,-1214.5,-1214.5,-1210.5,-1209.5,-1208.5,-1207,-1205.5,-1204.5,-1206,-1205.5,-1204,-1203,-1202,-1200,-1199,-1198,-1197.5,-1197,-1197,-1194.5,-1191.5,-1190.5,-1188.5,-1187.5,-1186.5,-1184,-1183,-1182,-1181,-1178,-1176,-1174.5,-1171.5,-1166,-1163,-1161,-1157,-1151,-1147.5,-1144,-1141,-1133.5,-1127,-1122.5,-1118.5,-1116,-1114.5,-1114,-1113,-1112,-1110.5,-1108.5,-1107,-1106.5,-1105.5
-1198.5,-1203,-1205,-1208,-1209,-1210,-1212.5,-1212.5,-1215.5,-1218,-1219.5,-1220.5,-1222,-1225,-1227,-1227,-1228.5,-1231.5,-1232.5,-1233.5,-1233,-1231.5,-1231.5,-1231.5,-1231,-1230,-1230.5,-1229,-1227,-1227,-1226.5,-1225,-1223,-1223,-1220,-1217.5,-1217,-1216,-1215.5,-1215.5,-1214,-1211.5,-1212,-1210.5,-1210,-1206.5,-1205.5,-1203.5,-1202.5,-1202,-1200.5,-1199.5,-1199.5,-1200.5,-1201.5,-1199,-1198.5,-1197.5,-1196.5,-1195.5,-1195,-1194.5,-1194,-1194,-1193,-1191.5,-1191,-1189.5,-1190,-1188.5,-1187,-1186.5,-1185.5,-1184,-1182.5,-1181,-1179.5,-1176.5,-1173,-1170,-1165.5,-1162.5,-1158,-1152.5,-1149.5,-1142,-1134.5,-1128.5,-1124,-1119,-1116.5,-1115,-1113,-1112,-1111.5,-1109,-1106.5,-1105.5,-1105,-1104.5
-1194.5,-1195.5,-1201.5,-1202,-1203,-1205,-1206,-1207,-1209,-1211,-1211.5,-1212,-1213.5,-1217,-1220,-1221.5,-1221.5,-1222.5,-1223,-1223.5,-1222,-1221.5,-1221.5,-1222,-1223,-1222,-1221.5,-1225,-1223,-1222.5,-1220,-1220.5,-1217.5,-1214.5,-1212.5,-1209.5,-1209,-1208,-1206,-1205,-1204,-1203,-1205,-1204,-1202,-1199.5,-1198.5,-1195.5,-1196.5,-1195.5,-1193.5,-1193.5,-1194.5,-1194.5,-1194,-1193.5,-1193.5,-1193,-1193,-1193,-1192.5,-1192,-1191.5,-1191.5,-1191,-1191,-1191,-1190.5,-1191.5,-1191,-1191,-1189.5,-1189,-1187,-1185.5,-1184.5,-1183.5,-1181,-1179,-1175.5,-1171.5,-1166.5,-1162,-1157.5,-1152,-1144.5,-1137.5,-1130,-1125,-1123.5,-1118.5,-1114.5,-1112,-1111,-1111,-1109,-1105.5,-1105,-1102.5,-1101.5
-1188,-1192,-1197,-1199,-1197.5,-1198.5,-1200.5,-1201.5,-1202.5,-1204,-1205,-1206,-1206.5,-1210,-1213,-1214,-1214.5,-1215,-1214.5,-1213,-1212.5,-1210.5,-1212,-1214,-1213.5,-1215,-1215.5,-1217.5,-1216,-1216.5,-1214.5,-1212,-1211,-1206.5,-1203.5,-1202,-1202,-1201,-1199,-1196.5,-1197,-1196,-1196,-1194.5,-1193.5,-1192,-1191.5,-1191,-1191.5,-1191.5,-1189.5,-1188.5,-1189,-1188.5,-1188,-1188,-1188.5,-1189,-1189,-1189,-1189,-1189.5,-1189,-1189,-1189.5,-1190,-1191,-1191,-1192,-1193,-1193.5,-1192.5,-1191,-1190,-1189,-1188,-1187,-1184,-1181.5,-1177,-1173,-1168.5,-1164.5,-1159,-1153.5,-1148,-1143,-1136,-1130,-1125,-1120.5,-1115,-1112,-1110,-1109.5,-1108,-1105.5,-1104.5,-1101.5,-1101
-1182.5,-1186,-1189.5,-1192,-1193,-1193.5,-1195,-1196.5,-1196.5,-1198.5,-1197,-1199.5,-1203,-1204.5,-1207.5,-1207,-1206,-1206,-1204.5,-1203.5,-1202,-1202,-1204.5,-1204.5,-1204,-1206.5,-1209,-1209.5,-1208.5,-1210,-1206.5,-1203,-1203,-1201,-1199,-1197.5,-1196,-1195,-1192.5,-1190,-1189,-1189.5,-1187.5,-1186.5,-1186.5,-1185.5,-1185,-1184.5,-1187,-1190,-1187,-1185.5,-1183,-1183,-1183,-1184,-1185,-1186,-1186,-1186,-1186.5,-1187.5,-1187,-1186.5,-1187.5,-1189.5,-1190.5,-1192.5,-1193,-1194.5,-1195,-1195,-1194,-1192.5,-1191.5,-1190.5,-1189,-1186,-1182,-1178.5,-1174,-1171,-1165.5,-1158,-1155,-1149.5,-1143.5,-1138.5,-1132.5,-1128,-1123,-1117,-1113.5,-1111,-1109.5,-1107.5,-1105,-1102,-1101.5,-1101.5
-1177.5,-1178.5,-1182,-1184,-1186.5,-1188,-1189.5,-1190.5,-1191.5,-1193,-1192.5,-1194,-1196,-1197,-1199,-1199.5,-1199,-1198,-1196.5,-1195.5,-1194.5,-1195,-1194,-1195,-1196.5,-1199,-1200.5,-1204,-1204,-1204.5,-1201,-1197.5,-1197,-1194.5,-1194,-1192.5,-1190,-1188.5,-1187,-1185,-1183,-1181.5,-1179,-1180,-1178.5,-1178.5,-1179,-1178,-1180,-1184,-1182,-1178.5,-1177,-1177.5,-1177.5,-1178.5,-1180.5,-1182,-1183.5,-1183.5,-1183.5,-1185.5,-1186,-1185,-1186,-1188.5,-1190.5,-1193,-1194.5,-1195,-1196.5,-1196,-1195.5,-1195,-1193,-1192,-1190,-1188,-1183.5,-1181,-1177.5,-1171.5,-1167,-1160.5,-1154,-1148.5,-1143.5,-1139.5,-1134,-1129,-1122.5,-1118,-1115,-1111,-1108,-1106.5,-1105,-1102.5,-1102.5,-1103.5
-1172,-1174,-1176,-1177.5,-1180,-1182,-1184.5,-1186.5,-1188,-1188.5,-1189,-1189,-1189.5,-1190,-1191.5,-1193,-1192.5,-1190,-1188,-1188.5,-1187.5,-1187.5,-1187.5,-1189.5,-1191,-1193.5,-1195.5,-1196.5,-1196.5,-1195,-1194,-1192,-1189.5,-1188.5,-1187,-1186.5,-1184.5,-1182,-1180.5,-1178.5,-1177.5,-1176,-1174.5,-1172.5,-1172,-1171.5,-1171,-1171,-1171,-1173.5,-1173,-1172.5,-1173,-1173.5,-1173.5,-1175,-1176.5,-1177.5,-1179.5,-1181.5,-1181.5,-1181.5,-1183,-1183.5,-1185,-1187,-1190.5,-1192.5,-1194.5,-1196.5,-1197,-1197.5,-1197.5,-1197,-1195.5,-1194.5,-1192,-1189.5,-1186.5,-1182,-1179,-1173.5,-1169,-1161.5,-1155,-1147.5,-1142.5,-1139,-1132.5,-1128.5,-1122,-1118.5,-1116.5,-1111,-1108.5,-1106.5,-1105.5,-1104.5,-1104,-1104.5
-1169,-1170.5,-1171.5,-1173.5,-1175.5,-1176.5,-1179.5,-1181,-1181.5,-1182.5,-1184.5,-1183,-1184.5,-1183.5,-1183.5,-1182,-1183.5,-1183.5,-1182,-1183,-1182,-1183,-1184,-1185.5,-1187,-1188.5,-1189.5,-1189,-1189.5,-1189,-1188,-1185.5,-1183.5,-1181.5,-1180,-1178,-1177.5,-1175.5,-1173.5,-1172,-1170,-1168.5,-1167.5,-1167.5,-1166,-1165,-1164,-1166,-1166.5,-1167,-1167,-1168.5,-1169,-1169.5,-1169.5,-1171.5,-1172.5,-1174,-1175.5,-1177,-1178.5,-1179.5,-1180,-1181.5,-1184,-1186,-1189,-1191.5,-1193.5,-1196,-1197.5,-1198.5,-1199,-1199,-1198,-1195.5,-1193.5,-1190,-1187.5,-1183,-1178,-1174,-1169,-1162.5,-1156,-1147,-1141.5,-1137.5,-1131.5,-1125.5,-1121.5,-1117.5,-1115,-1110.5,-1108,-1106,-1106,-1106,-1105,-1104
-1165.5,-1167.5,-1169.5,-1171.5,-1173,-1174.5,-1175.5,-1177.5,-1175,-1174.5,-1175,-1177,-1178.5,-1174.5,-1176,-1176,-1176.5,-1178,-1177.5,-1177,-1178,-1178,-1178,-1179.5,-1182,-1183.5,-1184,-1184,-1184.5,-1184.5,-1184,-1182.5,-1178.5,-1175.5,-1174.5,-1172,-1171,-1170,-1168,-1166.5,-1165.5,-1164,-1163,-1162,-1160,-1159.5,-1159,-1159.5,-1159.5,-1161.5,-1163,-1164,-1164.5,-1165.5,-1166.5,-1167.5,-1169,-1170.5,-1172.5,-1174.5,-1175.5,-1177,-1178,-1180,-1182.5,-1184.5,-1187,-1189.5,-1192,-1194.5,-1197,-1199,-1200,-1200,-1199,-1197.5,-1194.5,-1191.5,-1187,-1183.5,-1179.5,-1171.5,-1166.5,-1161,-1156.5,-1148.5,-1141,-1136,-1130,-1125,-1121,-1117.5,-1115,-1112.5,-1108,-1106.5,-1106,-1106,-1106,-1105
-1161.5,-1163,-1164,-1166,-1167.5,-1166.5,-1167,-1168,-1167.5,-1167.5,-1168,-1169.5,-1170.5,-1170,-1169,-1170,-1171,-1172.5,-1173.5,-1173.5,-1174,-1174.5,-1175,-1175,-1177,-1180,-1179.5,-1179,-1179.5,-1179.5,-1178,-1175.5,-1174,-1171.5,-1170,-1168.5,-1165.5,-1163.5,-1163.5,-1163.5,-1161.5,-1160.5,-1158.5,-1156,-1155.5,-1155.5,-1155.5,-1155,-1156,-1157.5,-1159.5,-1160.5,-1161,-1161.5,-1163,-1164,-1166.5,-1167.5,-1169,-1172,-1172.5,-1174,-1176,-1178.5,-1180.5,-1182.5,-1185.5,-1187,-1190,-1192.5,-1195,-1198.5,-1199,-1199.5,-1198,-1197,-1194.5,-1192.5,-1187.5,-1182,-1175,-1169.5,-1163.5,-1157,-1153.5,-1147.5,-1141.5,-1135,-1130,-1125.5,-1121,-1117,-1113.5,-1110.5,-1108,-1106.5,-1105,-1105,-1104.5,-1105.5
-1156.5,-1158,-1158,-1160,-1160.5,-1160,-1161,-1161,-1160.5,-1161,-1161,-1162,-1163,-1163,-1164.5,-1166.5,-1167.5,-1169,-1169,-1169,-1170,-1170.5,-1171,-1171.5,-1172.5,-1173,-1174.5,-1174.5,-1175.5,-1174,-1174,-1170,-1167,-1166.5,-1166.5,-1164.5,-1162,-1160.5,-1160.5,-1158.5,-1156.5,-1156,-1154.5,-1152,-1152,-1151.5,-1152.5,-1152.5,-1154,-1155,-1156,-1156,-1157.5,-1159,-1160,-1161.5,-1163.5,-1164.5,-1166,-1168.5,-1169,-1172,-1174.5,-1176.5,-1178,-1179.5,-1183,-1185.5,-1188.5,-1190.5,-1193,-1195.5,-1197,-1197,-1196.5,-1195.5,-1193.5,-1191,-1185,-1179.5,-1174,-1166.5,-1161.5,-1153.5,-1150,-1145.5,-1140.5,-1135,-1130.5,-1125.5,-1121,-1117,-1112.5,-1111.5,-1108.5,-1106,-1105,-1104.5,-1104,-1105.5
-1152,-1153,-1154,-1154.5,-1154.5,-1154.5,-1155,-1154.5,-1154.5,-1155.5,-1155.5,-1155.5,-1157,-1158,-1158,-1160,-1162.5,-1163.5,-1165.5,-1166,-1166.5,-1165,-1165.5,-1166.5,-1167.5,-1168,-1168.5,-1170.5,-1170.5,-1169.5,-1167.5,-1165,-1163,-1161.5,-1161.5,-1160.5,-1159.5,-1157.5,-1156,-1155,-1154,-1153,-1151.5,-1149.5,-1148.5,-1147.5,-1148.5,-1149.5,-1151,-1152,-1153,-1153,-1154,-1155,-1157.5,-1159.5,-1161,-1161.5,-1163,-1165,-1167,-1169.5,-1172.5,-1174.5,-1176,-1178,-1180,-1182.5,-1187,-1188,-1190.5,-1192.5,-1194.5,-1194,-1193.5,-1192,-1190,-1187.5,-1182,-1175,-1168.5,-1163,-1158.5,-1152.5,-1147.5,-1144,-1141.5,-1136.5,-1131,-1125,-1121.5,-1117.5,-1113.5,-1112.5,-1110,-1107.5,-1105.5,-1105,-1105,-1106.5
-1147,-1147,-1147,-1149.5,-1150.5,-1150.5,-1149.5,-1149,-1149,-1149,-1150,-1149.5,-1150,-1152,-1151.5,-1154,-1156,-1158.5,-1161.5,-1162.5,-1161,-1161,-1161,-1162,-1163.5,-1164,-1165,-1166,-1166,-1165,-1164,-1161.5,-1159.5,-1158.5,-1157,-1156,-1155,-1155,-1154,-1151.5,-1149.5,-1148.5,-1147.5,-1146.5,-1145.5,-1145,-1145,-1146,-1147.5,-1148.5,-1149.5,-1150.5,-1152,-1153,-1154.5,-1156.5,-1158.5,-1159,-1160,-1163.5,-1165,-1167,-1170.5,-1171,-1173,-1175.5,-1178.5,-1180.5,-1184,-1185,-1187,-1189.5,-1190,-1191,-1190.5,-1189.5,-1187.5,-1182.5,-1176.5,-1170,-1164.5,-1158.5,-1154.5,-1149,-1145,-1143,-1140,-1135.5,-1130.5,-1124.5,-1122,-1119,-1116,-1113.5,-1111.5,-1108.5,-1107,-1106.5,-1106.5,-1108
-1143,-1142.5,-1142.5,-1144,-1147,-1147,-1147,-1144,-1144,-1142.5,-1141.5,-1142,-1142.5,-1144.5,-1146,-1148.5,-1151,-1154.5,-1156,-1156,-1157,-1157.5,-1157.5,-1158,-1159,-1159.5,-1160,-1161,-1161.5,-1160.5,-1159.5,-1157.5,-1156,-1153.5,-1151.5,-1150.5,-1150,-1151,-1150,-1147.5,-1145.5,-1145,-1144,-1143,-1142.5,-1142.5,-1142.5,-1142.5,-1144.5,-1146,-1147,-1148,-1149.5,-1151,-1152.5,-1154,-1155,-1156,-1158,-1160.5,-1162,-1164,-1166.5,-1167.5,-1170.5,-1174,-1175.5,-1176.5,-1179,-1181.5,-1184,-1185,-1186.5,-1187,-1187.5,-1184.5,-1182,-1178.5,-1174,-1168.5,-1161.5,-1155.5,-1151.5,-1147,-1144,-1141,-1136.5,-1133.5,-1131.5,-1126,-1121.5,-1119,-1115.5,-1114,-1112,-1109.5,-1108,-1107.5,-1107.5,-1110.5
-1138,-1137,-1138,-1139.5,-1140.5,-1141.5,-1141,-1138.5,-1137.5,-1137,-1137,-1136,-1137.5,-1139.5,-1141.5,-1144.5,-1148,-1150,-1151,-1152,-1151.5,-1153,-1154,-1155,-1155,-1156,-1156,-1157,-1157,-1156.5,-1154.5,-1153.5,-1150.5,-1149.5,-1149,-1148,-1146.5,-1145,-1144.5,-1144,-1142.5,-1142,-1141,-1140.5,-1139.5,-1139.5,-1139.5,-1141,-1141,-1144,-1145,-1146,-1147.5,-1149,-1149.5,-1150.5,-1152,-1153.5,-1154.5,-1157,-1158.5,-1160,-1162.5,-1165,-1168,-1171,-1172.5,-1174.5,-1176.5,-1179,-1182,-1183,-1182.5,-1183,-1182,-1179.5,-1176,-1172,-1169,-1165.5,-1159,-1154,-1150,-1146.5,-1143.5,-1139.5,-1136,-1132.5,-1130,-1125,-1122,-1120.5,-1117,-1115,-1114,-1112,-1110,-1109,-1109.5,-1112.5
-1134,-1132,-1133.5,-1135,-1134.5,-1133.5,-1133,-1132.5,-1132.5,-1132,-1132.5,-1133,-1134,-1136,-1138,-1140.5,-1143.5,-1146,-1147.5,-1148,-1148.5,-1149.5,-1151,-1153,-1153,-1153.5,-1153.5,-1154,-1153,-1152.5,-1151.5,-1149.5,-1147,-1146,-1144.5,-1143.5,-1142.5,-1141.5,-1140.5,-1140,-1138.5,-1137.5,-1137.5,-1137.5,-1137,-1137,-1137.5,-1138,-1138.5,-1140,-1142,-1143.5,-1145,-1147,-1147,-1148.5,-1149.5,-1151,-1152.5,-1154,-1156,-1158,-1161,-1163.5,-1165.5,-1168.5,-1170,-1173,-1174.5,-1176.5,-1178,-1179,-1178.5,-1178,-1177,-1174,-1171.5,-1168.5,-1166,-1162.5,-1158.5,-1153.5,-1150.5,-1146,-1143.5,-1138,-1134.5,-1132,-1129.5,-1125.5,-1123,-1121.5,-1120.5,-1116.5,-1116,-1113.5,-1112,-1111,-1112,-1116
-1129.5,-1129,-1129,-1129.5,-1130,-1128.5,-1127,-1128,-1129,-1128.5,-1129.5,-1130,-1130.5,-1132.5,-1135,-1137,-1139,-1141.5,-1143.5,-1145,-1146,-1147.5,-1150,-1150.5,-1151.5,-1151.5,-1152,-1151.5,-1150,-1149,-1147,-1145.5,-1144,-1143,-1141,-1140,-1139,-1138,-1137,-1136,-1135,-1135.5,-1135.5,-1135,-1134,-1134,-1135,-1135.5,-1136.5,-1137,-1139,-1141,-1142.5,-1143.5,-1144.5,-1145,-1146,-1148,-1150,-1152.5,-1155,-1156.5,-1158,-1160.5,-1164,-1166.5,-1168.5,-1171.5,-1173,-1173.5,-1174.5,-1174.5,-1175,-1174,-1172,-1171.5,-1168.5,-1166,-1163,-1160.5,-1158.5,-1155,-1152,-1148,-1144,-1137.5,-1134.5,-1132.5,-1129.5,-1127,-1125,-1123,-1122,-1118,-1116.5,-1114.5,-1113,-1113.5,-1115.5,-1119
-1127,-1125.5,-1124,-1123,-1124,-1123,-1122.5,-1123,-1125,-1124.5,-1125.5,-1126,-1127,-1128.5,-1130.5,-1133,-1135.5,-1137.5,-1140,-1142.5,-1144,-1146,-1147,-1149,-1150.5,-1151,-1150,-1149.5,-1148,-1145.5,-1144,-1142.5,-1140.5,-1139.5,-1138.5,-1137.5,-1136,-1135,-1133,-1132.5,-1133,-1132,-1131.5,-1131.5,-1131.5,-1132,-1132.5,-1133.5,-1134.5,-1135,-1136.5,-1138,-1140,-1141.5,-1142.5,-1143,-1144.5,-1146,-1148.5,-1151.5,-1154,-1155,-1157,-1159.5,-1162.5,-1164.5,-1166.5,-1169,-1170,-1171,-1171,-1171.5,-1172,-1170.5,-1169,-1167,-1164.5,-1163,-1161.5,-1159.5,-1157,-1154.5,-1152,-1148.5,-1144,-1138.5,-1135,-1132,-1130,-1127,-1125.5,-1123,-1120,-1117.5,-1117,-1116,-1115.5,-1115,-1117.5,-1119.5
-1125.5,-1122.5,-1121,-1120,-1118.5,-1118,-1118,-1119.5,-1120,-1120.5,-1121.5,-1122,-1124,-1125,-1127,-1129.5,-1131.5,-1134.5,-1138,-1140,-1142.5,-1143.5,-1145,-1147,-1148.5,-1149,-1148.5,-1148,-1144.5,-1142.5,-1141,-1139,-1137.5,-1137,-1136,-1135,-1133,-1131.5,-1130,-1129,-1128.5,-1128,-1128,-1127.5,-1128.5,-1129.5,-1130,-1131,-1132,-1133,-1134,-1135.5,-1137.5,-1139,-1140,-1142,-1143.5,-1146.5,-1148.5,-1150,-1153,-1154.5,-1156.5,-1158.5,-1161.5,-1163,-1164.5,-1166,-1167,-1168,-1168.5,-1169,-1169,-1167.5,-1166.5,-1164,-1162.5,-1161,-1159.5,-1158,-1155.5,-1153,-1150,-1147.5,-1144,-1141.5,-1137.5,-1133,-1129.5,-1127,-1124,-1121.5,-1119.5,-1118,-1117.5,-1117,-1116.5,-1117.5,-1120.5,-1121.5
-1122,-1120.5,-1119,-1118,-1115,-1114,-1114,-1114.5,-1115.5,-1116,-1117.5,-1118.5,-1120,-1121.5,-1124.5,-1127,-1129,-1131.5,-1134.5,-1137.5,-1139.5,-1141,-1143,-1144,-1145,-1146.5,-1147,-1145.5,-1143.5,-1140.5,-1139,-1137.5,-1136,-1134.5,-1133,-1131.5,-1130,-1128.5,-1127,-1127,-1126,-1125.5,-1125.5,-1125.5,-1126,-1127.5,-1129,-1130,-1130.5,-1131.5,-1132,-1133.5,-1135,-1136.5,-1138.5,-1140.5,-1142.5,-1145,-1147.5,-1149.5,-1152,-1154.5,-1156.5,-1158.5,-1160,-1162.5,-1164.5,-1165,-1166,-1167,-1167,-1166.5,-1166,-1165,-1165,-1162.5,-1161,-1159,-1157.5,-1156.5,-1155,-1152,-1150,-1147,-1144,-1142,-1139,-1136,-1131,-1126,-1123.5,-1122.5,-1119.5,-1119,-1118.5,-1116,-1116,-1117.5,-1120.5,-1123.5
-1119.5,-1118,-1115.5,-1113,-1112,-1111,-1111,-1110,-1110.5,-1111,-1112,-1114,-1115,-1118.5,-1123,-1125.5,-1128,-1129.5,-1132,-1133.5,-1135.5,-1137.5,-1139,-1141,-1142.5,-1144.5,-1144,-1143.5,-1142,-1140,-1138.5,-1136.5,-1133.5,-1132.5,-1130.5,-1129.5,-1128,-1126,-1125,-1124.5,-1123,-1123,-1123,-1123,-1124,-1126,-1127.5,-1129,-1129.5,-1130.5,-1131,-1132,-1132.5,-1134.5,-1136,-1138.5,-1141,-1143.5,-1145,-1147.5,-1150,-1152.5,-1155.5,-1157.5,-1159,-1161.5,-1163.5,-1164.5,-1166,-1166,-1166,-1165,-1164,-1163,-1162,-1161,-1159,-1158,-1156.5,-1155,-1153,-1151.5,-1148,-1145,-1143,-1138,-1136,-1133,-1128.5,-1124.5,-1122,-1120,-1118,-1119,-1120,-1116.5,-1116.5,-1115.5,-1118,-1124.5
-1117.5,-1115.5,-1113,-1111,-1108.5,-1107.5,-1107,-1105,-1107,-1107,-1107.5,-1110,-1112,-1116.5,-1120.5,-1124.5,-1125.5,-1126,-1128,-1130.5,-1132.5,-1134.5,-1136.5,-1138,-1140.5,-1141.5,-1142,-1141,-1140.5,-1140.5,-1140,-1137.5,-1134,-1131,-1129,-1127,-1125.5,-1124,-1123,-1122,-1121,-1121.5,-1121,-1121.5,-1122.5,-1124.5,-1126.5,-1129,-1130,-1130.5,-1131,-1131,-1131,-1132.5,-1135,-1137.5,-1139.5,-1142.5,-1144.5,-1146.5,-1149,-1151.5,-1153.5,-1155.5,-1158.5,-1160,-1162,-1163.5,-1163.5,-1164,-1164.5,-1163.5,-1162,-1161,-1160,-1159,-1158,-1157,-1156,-1155,-1153,-1150.5,-1146.5,-1143.5,-1140.5,-1137,-1134,-1130,-1126,-1122.5,-1120.5,-1118,-1117,-1117.5,-1117.5,-1114.5,-1113,-1113.5,-1115.5,-1120
-1116,-1114,-1112.5,-1109,-1105.5,-1103,-1103,-1102,-1103,-1104,-1104,-1105,-1109.5,-1112,-1115.5,-1119,-1121.5,-1123,-1125,-1127,-1129.5,-1131.5,-1133.5,-1134.5,-1136.5,-1138,-1138.5,-1139,-1140.5,-1142.5,-1144.5,-1140,-1135,-1131,-1128,-1125.5,-1123.5,-1122,-1121,-1120,-1119.5,-1119.5,-1119.5,-1120,-1122,-1124.5,-1127,-1129,-1130,-1131,-1131,-1130,-1130,-1131,-1133.5,-1136,-1139,-1140.5,-1142.5,-1145,-1147.5,-1150,-1152,-1154.5,-1157.5,-1159.5,-1161,-1162,-1162.5,-1162.5,-1162.5,-1162,-1160.5,-1160,-1159,-1157.5,-1157,-1156,-1156,-1155,-1152,-1149,-1146,-1141.5,-1138.5,-1135,-1131,-1128.5,-1124,-1120.5,-1118,-1116,-1115,-1114.5,-1113.5,-1111,-1110.5,-1112.5,-1114,-1116
-1116,-1114,-1111.5,-1107.5,-1103,-1100,-1098.5,-1098.5,-1099,-1100.5,-1101.5,-1102.5,-1105,-1108.5,-1111,-1113.5,-1116.5,-1119,-1121.5,-1124.5,-1126,-1128.5,-1130.5,-1131.5,-1133.5,-1135,-1135.5,-1136.5,-1139,-1143.5,-1147,-1143.5,-1136,-1131,-1127,-1124.5,-1123,-1121.5,-1119.5,-1118.5,-1118,-1117.5,-1118,-1118.5,-1120.5,-1124.5,-1128,-1130,-1132,-1132,-1131,-1129.5,-1128.5,-1129.5,-1131.5,-1135,-1137.5,-1140,-1142.5,-1145.5,-1147.5,-1150,-1152,-1154,-1156,-1159.5,-1160.5,-1161,-1161,-1161,-1161,-1160.5,-1159.5,-1158,-1158,-1157.5,-1156,-1155.5,-1155,-1153.5,-1150.5,-1148,-1144,-1140.5,-1137,-1133.5,-1129.5,-1128.5,-1122,-1118,-1115,-1113,-1111.5,-1111,-1109.5,-1109,-1109,-1109,-1111.5,-1113.5
-1119,-1117,-1113,-1107,-1101,-1098,-1095.5,-1094.5,-1095.5,-1097.5,-1098.5,-1099.5,-1102.5,-1104.5,-1107,-1108.5,-1111,-1113,-1117,-1120.5,-1124,-1125.5,-1127,-1129,-1130.5,-1132,-1133.5,-1135,-1137.5,-1142.5,-1146.5,-1142.5,-1136,-1130,-1125.5,-1124,-1122,-1120.5,-1119.5,-1118.5,-1117.5,-1117,-1117,-1117.5,-1119.5,-1124,-1127.5,-1132,-1134.5,-1133,-1130.5,-1127.5,-1126.5,-1127.5,-1129.5,-1134,-1136,-1138.5,-1142,-1145.5,-1147.5,-1149.5,-1151.5,-1153.5,-1155.5,-1157.5,-1159.5,-1159.5,-1159.5,-1159.5,-1159.5,-1159,-1158,-1158,-1156.5,-1156,-1155.5,-1155,-1154,-1152.5,-1148.5,-1145.5,-1143,-1139.5,-1135.5,-1133.5,-1128,-1124,-1120,-1117,-1114.5,-1114.5,-1110.5,-1109,-1109,-1109.5,-1107.5,-1106,-1106.5,-1110
-1122,-1119.5,-1114,-1106.5,-1100.5,-1096,-1092.5,-1091.5,-1093.5,-1095,-1096,-1097,-1099.5,-1102,-1104.5,-1105.5,-1107.5,-1110.5,-1114,-1116.5,-1120,-1122,-1124,-1125,-1126.5,-1128.5,-1130.5,-1132,-1134,-1137,-1140,-1138.5,-1133.5,-1129,-1125,-1123,-1122,-1120,-1118.5,-1117.5,-1117,-1116,-1115,-1116,-1118.5,-1121.5,-1125.5,-1132,-1134.5,-1132,-1128.5,-1125,-1125,-1126,-1128,-1132.5,-1135,-1138,-1142,-1144.5,-1147,-1148.5,-1151,-1153,-1154.5,-1156,-1157.5,-1158,-1158,-1158.5,-1158.5,-1158.5,-1158.5,-1157.5,-1156,-1155,-1154.5,-1154.5,-1153,-1151,-1148,-1145.5,-1141.5,-1138.5,-1135.5,-1132,-1127.5,-1124,-1120.5,-1115.5,-1113.5,-1113.5,-1111,-1108.5,-1108,-1107,-1105,-1103.5,-1102.5,-1103.5
-1123,-1118.5,-1112,-1105.5,-1098,-1093.5,-1091.5,-1090,-1090.5,-1091.5,-1092.5,-1094.5,-1096,-1099,-1100,-1103,-1105.5,-1107.5,-1111.5,-1115.5,-1117,-1118,-1120.5,-1122,-1124,-1125.5,-1126.5,-1129,-1130.5,-1133,-1134,-1132.5,-1130,-1128,-1125,-1123,-1121.5,-1119.5,-1118,-1116.5,-1115.5,-1114.5,-1113.5,-1114,-1116,-1118,-1121,-1125.5,-1127.5,-1125.5,-1123.5,-1122,-1122,-1124,-1126,-1129.5,-1132.5,-1136,-1141.5,-1144.5,-1146,-1147.5,-1149.5,-1150.5,-1153,-1154.5,-1155.5,-1156.5,-1157,-1157.5,-1158.5,-1159.5,-1160,-1157.5,-1155.5,-1154.5,-1153.5,-1153,-1152,-1150,-1147.5,-1145,-1141.5,-1138,-1135,-1130.5,-1127.5,-1125,-1120.5,-1115.5,-1112,-1110,-1107,-1107,-1105.5,-1104,-1101.5,-1099.5,-1098.5,-1098.5
-1121.5,-1114.5,-1108,-1100.5,-1095.5,-1090.5,-1088.5,-1087,-1087,-1088.5,-1090,-1091,-1093,-1096,-1097,-1100,-1102.5,-1105.5,-1107,-1112,-1114,-1114.5,-1117,-1120.5,-1121.5,-1122.5,-1124,-1126,-1127.5,-1129.5,-1129.5,-1128.5,-1127.5,-1126,-1124.5,-1122.5,-1120.5,-1119.5,-1118,-1116.5,-1115,-1114,-1113,-1113,-1114,-1114.5,-1116,-1120,-1121,-1120.5,-1120,-1120,-1121,-1123,-1125,-1128,-1131.5,-1136,-1140,-1143,-1144,-1145,-1147,-1149,-1151,-1153,-1154,-1155,-1155.5,-1156,-1157.5,-1160.5,-1160,-1157.5,-1154,-1153,-1152.5,-1151.5,-1150.5,-1148.5,-1147,-1144.5,-1142,-1138.5,-1135.5,-1131.5,-1128,-1125.5,-1120.5,-1116,-1112.5,-1109,-1106,-1105,-1102.5,-1100.5,-1098,-1097,-1096,-1096
-1114,-1110.5,-1103,-1098,-1092,-1088.5,-1086,-1085.5,-1085.5,-1086.5,-1087.5,-1089.5,-1092,-1093.5,-1095.5,-1097,-1098.5,-1102.5,-1104,-1107.5,-1110,-1111.5,-1113,-1115.5,-1118,-1120,-1122,-1123.5,-1125,-1127,-1127,-1126.5,-1126.5,-1125.5,-1124.5,-1122,-1120.5,-1119,-1117.5,-1117,-1115,-1114.5,-1113.5,-1113,-1113.5,-1113.5,-1115,-1116.5,-1117.5,-1117.5,-1118.5,-1119.5,-1121.5,-1123,-1125,-1128,-1133.5,-1138,-1141.5,-1142.5,-1142,-1143,-1144.5,-1147,-1149.5,-1150.5,-1152,-1152.5,-1153.5,-1153.5,-1155.5,-1157.5,-1158,-1155,-1153,-1151,-1150.5,-1149.5,-1148.5,-1147,-1145,-1144.5,-1142.5,-1140.5,-1136,-1132.5,-1129.5,-1125.5,-1121.5,-1116,-1111.5,-1108.5,-1105.5,-1103,-1101,-1098.5,-1096,-1095,-1094.5,-1094.5
-1106,-1101,-1097.5,-1094,-1090,-1086,-1084.5,-1083.5,-1083.5,-1084.5,-1085.5,-1086.5,-1089,-1091.5,-1094,-1096.5,-1097,-1100.5,-1103,-1105.5,-1107,-1108.5,-1110.5,-1113.5,-1114.5,-1116.5,-1118.5,-1121.5,-1123,-1125,-1125.5,-1125.5,-1125.5,-1124.5,-1123,-1121.5,-1120,-1118,-1116.5,-1116,-1115,-1114.5,-1114,-1114,-1114,-1115,-1115,-1115,-1116.5,-1117,-1119,-1120.5,-1122,-1123.5,-1125.5,-1129.5,-1134,-1139,-1143,-1143,-1141,-1141,-1143,-1145,-1147,-1148.5,-1148.5,-1149,-1149,-1150,-1150.5,-1151.5,-1152,-1151.5,-1150,-1150,-1150,-1148,-1147,-1145.5,-1144,-1143,-1141.5,-1140,-1137.5,-1133.5,-1130.5,-1127,-1122.5,-1118.5,-1112,-1107.5,-1104,-1102,-1099.5,-1096.5,-1094.5,-1093.5,-1093,-1093.5
-1100.5,-1096,-1093.5,-1089.5,-1087.5,-1084,-1081.5,-1081.5,-1081.5,-1083,-1084,-1086,-1087,-1089,-1092,-1093.5,-1095,-1098,-1101.5,-1103.5,-1105.5,-1105.5,-1107.5,-1110.5,-1112.5,-1114.5,-1117,-1119.5,-1121,-1123,-1123.5,-1124,-1124,-1123,-1121.5,-1120,-1119,-1117,-1116,-1115.5,-1115,-1115,-1115,-1115.5,-1115.5,-1116,-1116.5,-1117.5,-1118,-1118.5,-1120,-1122,-1123.5,-1125,-1126.5,-1130,-1135,-1139,-1142.5,-1143,-1140,-1139.5,-1140,-1142.5,-1144,-1145.5,-1146.5,-1146.5,-1146.5,-1147,-1147,-1147.5,-1147.5,-1147.5,-1148,-1148.5,-1148.5,-1147,-1146,-1144,-1143.5,-1141.5,-1140,-1139,-1136.5,-1135,-1132,-1128,-1123,-1118,-1112.5,-1107.5,-1104,-1101,-1098,-1096,-1095.5,-1094,-1093,-1092.5
-1096,-1093,-1088.5,-1085,-1083,-1081,-1080,-1079,-1079,-1080,-1082,-1083,-1085,-1086,-1089,-1092,-1093.5,-1096,-1098.5,-1102,-1103,-1103.5,-1106,-1107.5,-1110,-1112,-1114.5,-1117,-1119,-1121,-1122.5,-1122.5,-1122.5,-1122,-1121,-1119,-1118.5,-1117,-1116,-1116.5,-1116,-1116,-1116.5,-1117,-1119,-1118.5,-1119,-1120.5,-1121,-1121,-1122,-1123.5,-1125,-1126,-1127,-1130.5,-1134.5,-1138.5,-1140,-1141,-1139,-1138,-1139,-1140.5,-1141.5,-1143,-1144.5,-1145.5,-1143.5,-1143.5,-1144,-1144.5,-1144.5,-1144.5,-1145,-1146.5,-1146.5,-1145.5,-1144,-1143,-1142,-1140.5,-1139,-1138,-1135.5,-1134.5,-1133,-1129,-1125,-1118.5,-1114,-1109,-1104,-1100.5,-1097.5,-1096,-1095.5,-1093.5,-1092.5,-1091.5
-1094.5,-1089.5,-1087,-1083.5,-1080.5,-1079.5,-1078,-1077.5,-1078,-1078.5,-1080,-1080.5,-1082.5,-1084.5,-1087,-1089.5,-1092,-1093.5,-1095.5,-1097.5,-1100,-1101.5,-1103,-1106,-1108.5,-1110.5,-1112,-1114.5,-1116.5,-1119,-1120.5,-1121,-1120.5,-1120.5,-1119.5,-1118.5,-1117.5,-1116.5,-1116.5,-1115.5,-1115.5,-1117,-1117.5,-1119,-1121,-1121,-1121.5,-1122.5,-1123,-1122.5,-1123.5,-1124,-1125.5,-1127,-1129,-1132.5,-1135.5,-1137.5,-1138,-1139,-1138,-1137,-1138,-1139.5,-1140,-1142,-1144,-1144,-1141.5,-1139.5,-1140,-1141.5,-1141.5,-1142,-1143,-1144.5,-1143.5,-1143.5,-1142.5,-1142,-1140.5,-1139.5,-1138,-1137,-1134.5,-1133.5,-1131.5,-1129.5,-1126,-1120.5,-1114.5,-1110.5,-1106,-1100.5,-1097.5,-1095.5,-1094.5,-1092.5,-1091.5,-1090
-1092,-1087,-1084,-1081.5,-1079,-1077,-1076,-1075.5,-1076.5,-1077,-1077.5,-1078.5,-1080,-1082.5,-1083.5,-1087,-1089,-1091,-1092.5,-1094.5,-1097,-1099.5,-1101,-1103.5,-1107,-1110,-1110.5,-1112,-1114,-1116.5,-1118,-1118.5,-1119,-1118.5,-1118,-1117.5,-1117,-1116.5,-1117,-1116,-1116,-1117.5,-1119.5,-1120.5,-1122.5,-1124,-1124,-1124,-1124.5,-1123.5,-1124,-1126,-1127,-1128.5,-1131,-1135,-1136.5,-1137,-1137.5,-1137,-1136.5,-1136,-1137,-1138.5,-1139,-1141,-1143.5,-1142.5,-1140,-1138,-1138,-1138.5,-1139.5,-1140.5,-1142,-1142,-1142,-1142,-1141.5,-1141,-1140,-1139,-1137,-1136,-1134,-1132.5,-1131,-1129.5,-1126,-1121.5,-1116.5,-1112.5,-1107,-1102,-1099,-1096,-1094.5,-1091.5,-1090.5,-1089.5
-1088.5,-1085.5,-1081.5,-1080,-1077.5,-1075,-1074.5,-1073.5,-1074.5,-1075.5,-1076,-1077,-1078,-1080,-1081.5,-1084,-1086,-1087,-1089.5,-1091.5,-1093.5,-1096.5,-1099.5,-1102.5,-1104.5,-1106.5,-1109,-1111.5,-1112.5,-1115,-1117,-1118,-1117.5,-1117.5,-1117,-1117,-1116,-1116,-1116.5,-1117,-1118,-1119.5,-1121,-1122.5,-1124,-1126.5,-1126,-1126,-1125.5,-1124.5,-1124.5,-1125.5,-1128.5,-1131.5,-1135.5,-1137,-1137,-1137,-1137,-1136,-1135.5,-1135.5,-1137.5,-1137.5,-1138,-1139,-1140,-1140.5,-1138,-1136.5,-1135.5,-1136.5,-1138.5,-1139.5,-1140,-1141,-1142,-1142.5,-1141,-1140,-1139,-1137.5,-1135.5,-1134.5,-1132.5,-1130.5,-1129,-1128,-1125.5,-1122,-1118,-1114,-1109,-1104,-1100,-1097,-1094,-1091,-1090,-1089
-1087,-1083.5,-1080.5,-1078,-1076,-1074,-1072.5,-1072,-1073,-1074,-1075,-1075.5,-1077,-1078.5,-1079.5,-1081.5,-1083.5,-1085,-1087.5,-1089,-1091.5,-1094,-1097.5,-1100.5,-1102.5,-1106,-1108.5,-1111,-1113,-1114,-1114.5,-1117.5,-1116,-1116.5,-1117,-1116.5,-1116,-1116.5,-1118,-1117.5,-1119.5,-1121,-1122.5,-1124,-1125.5,-1126.5,-1126.5,-1126.5,-1126.5,-1126.5,-1127,-1129.5,-1132.5,-1135,-1137.5,-1138.5,-1138,-1138,-1137.5,-1136,-1135.5,-1135,-1136,-1136,-1136,-1137,-1137.5,-1138,-1136.5,-1135.5,-1134.5,-1135.5,-1139,-1140,-1139,-1141.5,-1144,-1144.5,-1140.5,-1139.5,-1138,-1136.5,-1134.5,-1133.5,-1132,-1129,-1127.5,-1126.5,-1124.5,-1122,-1119,-1116.5,-1111.5,-1105.5,-1101,-1097,-1093.5,-1091,-1089,-1088
-1086,-1082.5,-1079.5,-1077.5,-1075,-1073,-1071,-1070.5,-1071,-1072,-1073,-1074,-1075,-1076.5,-1078.5,-1079.5,-1081.5,-1082,-1084.5,-1086.5,-1089.5,-1092,-1095,-1099,-1102.5,-1105.5,-1109,-1112,-1112.5,-1113.5,-1113.5,-1114.5,-1115,-1116.5,-1116.5,-1117,-1117.5,-1118,-1118.5,-1119,-1121.5,-1123,-1125,-1126.5,-1127.5,-1128,-1128.5,-1128.5,-1130,-1129.5,-1130,-1133,-1136,-1137,-1138.5,-1140.5,-1139.5,-1139.5,-1138,-1136.5,-1135.5,-1135,-1135,-1135,-1135,-1136.5,-1137,-1137.5,-1136.5,-1134.5,-1134,-1134.5,-1137.5,-1138.5,-1138,-1141,-1146,-1144,-1140,-1138,-1137.5,-1136,-1133.5,-1132,-1130,-1128.5,-1127,-1125,-1122.5,-1120.5,-1119,-1116.5,-1113.5,-1107.5,-1102,-1098,-1095,-1091,-1088.5,-1086.5
-1084,-1081,-1079,-1077,-1074,-1072.5,-1070.5,-1069.5,-1069.5,-1070,-1071,-1072,-1073,-1074.5,-1076,-1077.5,-1080,-1080.5,-1082.5,-1085,-1087.5,-1091,-1094.5,-1098.5,-1102.5,-1107,-1110,-1113,-1114,-1113.5,-1113.5,-1114,-1115,-1116,-1117,-1117.5,-1118,-1118.5,-1120,-1121,-1123.5,-1125,-1126,-1127.5,-1129,-1130,-1131.5,-1135.5,-1134.5,-1132.5,-1133,-1134.5,-1137,-1138.5,-1140,-1140.5,-1140.5,-1140.5,-1139,-1137.5,-1136.5,-1135,-1134.5,-1134,-1134,-1136,-1138,-1139,-1136.5,-1135,-1134.5,-1135.5,-1136.5,-1137,-1137.5,-1140.5,-1142.5,-1142,-1139,-1137.5,-1136.5,-1135.5,-1133,-1131,-1129,-1127.5,-1125.5,-1124.5,-1123.5,-1120,-1118.5,-1115.5,-1113,-1108.5,-1102.5,-1098.5,-1094,-1091,-1088.5,-1086
-1081,-1079.5,-1077.5,-1075.5,-1074,-1072,-1070,-1069,-1068.5,-1069,-1069.5,-1070,-1071,-1072.5,-1073,-1074,-1077,-1080,-1081,-1084,-1086.5,-1091,-1095,-1099,-1103,-1108.5,-1112,-1114,-1115,-1114.5,-1114.5,-1115,-1115.5,-1117,-1117.5,-1118,-1119.5,-1120.5,-1122,-1122,-1124.5,-1126.5,-1127.5,-1129,-1130,-1131.5,-1135,-1141.5,-1142.5,-1138,-1136,-1136,-1138.5,-1140.5,-1141.5,-1142,-1142,-1141.5,-1140,-1139,-1137.5,-1134.5,-1134,-1133.5,-1133,-1135,-1136.5,-1137,-1136.5,-1136.5,-1136.5,-1137.5,-1137,-1137,-1138.5,-1140,-1141,-1141,-1139.5,-1138,-1136.5,-1134.5,-1132.5,-1130.5,-1128.5,-1127,-1125,-1124,-1121.5,-1120,-1118,-1115.5,-1112,-1108.5,-1104,-1100,-1096,-1092.5,-1089.5,-1086
-1078,-1077,-1075.5,-1074.5,-1073,-1071,-1069.5,-1068.5,-1067.5,-1067.5,-1068,-1068.5,-1069.5,-1071,-1072,-1073.5,-1075,-1078,-1080,-1083.5,-1086,-1091,-1096,-1101,-1105,-1109.5,-1113,-1115,-1116,-1116,-1116,-1116,-1117,-1117,-1118,-1118.5,-1120,-1121,-1122.5,-1123.5,-1124.5,-1129.5,-1129.5,-1130.5,-1132,-1133,-1136.5,-1143.5,-1144.5,-1140,-1136.5,-1138,-1140.5,-1142,-1142.5,-1143.5,-1143.5,-1142.5,-1141.5,-1140.5,-1138,-1134.5,-1134,-1132.5,-1131.5,-1132.5,-1134,-1135,-1138.5,-1140.5,-1140,-1140,-1139.5,-1139.5,-1140.5,-1140.5,-1141.5,-1142,-1140.5,-1138.5,-1136.5,-1134.5,-1131.5,-1129,-1127.5,-1125.5,-1124,-1123.5,-1121.5,-1119.5,-1117.5,-1115,-1112,-1109,-1104,-1100,-1096,-1093.5,-1090.5,-1087
-1074.5,-1074,-1073.5,-1073,-1071.5,-1069.5,-1068.5,-1067.5,-1066.5,-1066,-1066.5,-1067,-1069,-1070,-1071,-1073,-1074.5,-1076.5,-1079,-1082,-1085.5,-1090,-1096,-1101,-1106,-1110,-1114.5,-1117,-1117.5,-1117.5,-1117.5,-1117,-1117.5,-1118.5,-1119,-1120,-1121.5,-1122.5,-1124,-1125,-1126,-1128,-1130,-1132,-1134.5,-1134,-1135.5,-1140,-1140,-1138,-1137,-1139,-1141,-1143,-1144.5,-1145,-1145,-1143,-1142.5,-1141,-1137,-1134,-1134,-1132.5,-1131,-1132,-1133.5,-1137,-1140,-1143,-1144,-1142.5,-1141,-1140.5,-1140.5,-1141.5,-1142,-1142.5,-1140.5,-1139.5,-1136.5,-1133.5,-1131,-1129,-1127.5,-1126,-1124,-1123,-1121.5,-1119,-1116.5,-1114.5,-1111.5,-1109.5,-1105,-1100.5,-1097,-1094,-1091,-1088.5
-1071.5,-1071.5,-1071.5,-1070,-1068,-1067,-1066.5,-1065.5,-1064.5,-1064.5,-1065,-1067,-1069,-1069,-1070,-1071.5,-1073.5,-1076,-1078.5,-1081.5,-1086,-1091,-1096.5,-1101,-1106,-1110.5,-1115.5,-1119,-1120,-1119,-1118.5,-1118,-1118.5,-1120,-1120.5,-1121.5,-1122.5,-1124,-1125.5,-1127,-1128,-1129.5,-1131.5,-1133,-1134.5,-1135.5,-1134.5,-1135.5,-1135.5,-1136,-1137.5,-1139,-1141,-1143,-1144,-1145.5,-1145,-1142.5,-1142,-1141,-1138.5,-1136,-1134,-1132.5,-1131.5,-1133,-1135.5,-1139.5,-1143,-1145,-1146,-1143,-1140.5,-1140.5,-1140.5,-1141,-1141,-1141,-1140,-1138.5,-1136.5,-1133.5,-1131,-1128.5,-1128,-1126,-1124.5,-1123.5,-1121,-1118.5,-1116,-1114,-1111,-1108.5,-1105.5,-1101,-1096,-1093,-1091,-1088.5
-1069.5,-1069,-1068.5,-1067.5,-1065.5,-1065,-1064.5,-1064,-1063.5,-1063.5,-1063.5,-1064,-1066,-1067.5,-1069,-1070.5,-1072.5,-1075,-1078,-1081,-1085.5,-1090,-1095.5,-1100.5,-1105.5,-1110,-1115,-1119.5,-1120.5,-1119.5,-1119,-1119,-1119.5,-1120.5,-1122,-1123,-1124,-1126,-1127.5,-1129,-1130,-1131,-1132.5,-1134.5,-1135.5,-1136,-1136,-1135.5,-1135,-1136,-1137,-1139,-1141.5,-1144,-1143.5,-1144.5,-1143,-1142.5,-1142,-1140,-1139.5,-1138.5,-1136.5,-1135,-1134.5,-1134.5,-1136.5,-1139,-1143,-1143.5,-1141.5,-1140,-1140.5,-1139,-1139.5,-1140.5,-1140,-1140,-1139,-1137.5,-1136,-1133.5,-1131,-1128.5,-1127.5,-1125.5,-1124.5,-1123,-1121,-1118,-1115.5,-1112.5,-1110.5,-1108.5,-1105,-1100.5,-1096,-1093,-1090.5,-1088.5
-1067.5,-1066.5,-1066,-1065,-1064,-1063.5,-1063,-1062.5,-1062.5,-1062.5,-1062,-1062.5,-1064,-1066.5,-1068,-1070,-1071.5,-1074,-1077,-1081,-1085,-1089,-1094,-1099.5,-1104.5,-1109,-1115,-1118.5,-1119,-1119,-1119,-1119.5,-1120.5,-1122,-1123.5,-1125,-1126,-1128,-1129,-1130.5,-1131,-1132,-1134.5,-1135.5,-1136,-1137,-1136.5,-1136,-1136.5,-1137.5,-1138,-1140,-1141.5,-1142,-1142.5,-1143,-1141.5,-1141,-1141,-1141,-1142,-1143,-1142,-1140.5,-1138.5,-1137,-1137.5,-1139,-1140,-1139.5,-1138,-1138,-1138.5,-1138,-1138.5,-1139.5,-1140.5,-1139.5,-1138.5,-1137.5,-1136,-1134,-1130.5,-1128,-1127,-1125,-1124,-1122,-1120,-1116,-1114,-1111.5,-1109.5,-1107,-1104,-1100,-1096,-1094,-1090.5,-1087.5
-1065.5,-1065,-1063.5,-1062,-1062,-1062.5,-1062,-1061.5,-1063,-1062.5,-1061.5,-1062.5,-1063.5,-1066,-1067.5,-1069.5,-1071,-1073.5,-1076.5,-1080.5,-1085,-1089,-1094,-1099,-1103.5,-1108.5,-1112.5,-1115,-1117.5,-1118.5,-1119,-1120,-1122,-1124,-1126,-1127.5,-1128.5,-1129,-1130.5,-1132.5,-1133,-1134,-1135.5,-1136,-1137.5,-1138.5,-1138.5,-1137,-1137,-1137,-1138,-1139.5,-1141,-1141.5,-1141.5,-1142,-1141.5,-1142,-1142.5,-1143.5,-1146.5,-1149,-1149.5,-1148,-1144,-1141,-1140,-1139.5,-1139,-1138,-1136,-1136,-1137,-1137,-1137.5,-1140,-1140.5,-1140,-1139.5,-1137.5,-1136,-1134,-1130.5,-1127.5,-1126,-1124,-1123,-1120.5,-1118,-1116.5,-1113.5,-1110,-1109,-1106,-1104,-1100,-1097,-1094.5,-1090.5,-1087
-1063.5,-1063,-1061.5,-1061,-1061,-1061,-1060.5,-1060.5,-1061,-1060.5,-1061,-1062,-1064,-1066,-1067.5,-1069,-1071.5,-1074,-1077.5,-1081,-1085.5,-1089.5,-1093,-1097.5,-1102.5,-1107.5,-1111.5,-1113,-1116,-1118,-1119,-1121.5,-1124,-1126,-1129,-1129.5,-1130.5,-1130.5,-1133,-1135,-1135.5,-1136,-1137,-1137.5,-1138,-1138.5,-1139,-1138.5,-1137,-1138,-1138.5,-1139.5,-1140.5,-1141,-1140,-1140.5,-1142,-1145.5,-1146.5,-1149.5,-1155,-1160,-1161,-1158,-1156,-1150.5,-1146,-1142,-1140,-1137.5,-1135.5,-1135,-1135.5,-1135.5,-1136.5,-1139,-1139.5,-1138.5,-1138.5,-1137.5,-1136,-1133,-1129.5,-1127,-1125,-1123,-1122,-1120,-1117,-1115,-1113.5,-1110,-1108,-1106,-1103,-1099.5,-1096.5,-1093,-1088.5,-1086
-1061,-1061,-1060.5,-1060,-1059.5,-1059.5,-1059.5,-1059,-1059,-1059.5,-1061,-1062,-1063.5,-1065.5,-1067,-1069,-1071.5,-1074,-1078,-1082,-1085,-1090,-1094,-1098.5,-1103.5,-1107,-1112,-1113.5,-1116.5,-1118.5,-1122,-1124.5,-1125.5,-1127.5,-1129.5,-1130.5,-1131.5,-1131,-1132.5,-1134.5,-1136,-1137.5,-1138,-1138.5,-1139.5,-1139.5,-1140.5,-1140,-1139.5,-1139.5,-1140,-1140.5,-1141.5,-1140.5,-1140.5,-1141.5,-1145.5,-1150.5,-1155,-1160,-1170,-1173.5,-1173.5,-1171.5,-1168.5,-1162,-1155,-1147,-1140.5,-1138,-1136,-1135,-1135,-1135.5,-1135.5,-1136.5,-1136.5,-1137,-1137.5,-1137,-1136,-1133,-1128.5,-1126,-1124.5,-1123.5,-1121.5,-1119,-1116.5,-1115,-1113,-1110,-1107.5,-1105.5,-1102.5,-1099.5,-1096.5,-1093,-1088.5,-1086
-1058.5,-1058.5,-1058.5,-1058.5,-1058,-1058,-1059.5,-1059,-1058.5,-1059,-1060.5,-1062,-1064,-1065.5,-1067.5,-1069.5,-1072.5,-1075,-1078.5,-1082.5,-1086.5,-1090.5,-1095.5,-1099.5,-1104,-1107.5,-1111,-1114,-1117.5,-1119.5,-1125,-1128,-1127.5,-1129.5,-1130.5,-1131.5,-1132,-1132,-1132.5,-1135.5,-1135.5,-1137.5,-1139,-1140,-1141,-1142,-1142.5,-1141.5,-1140.5,-1140.5,-1140.5,-1141,-1142,-1141,-1141,-1142.5,-1149,-1155,-1163,-1172,-1180.5,-1184,-1182.5,-1183,-1179,-1172.5,-1163.5,-1153.5,-1144.5,-1139,-1137.5,-1135.5,-1135,-1135.5,-1134.5,-1135,-1135.5,-1139,-1140,-1137.5,-1135.5,-1132,-1128,-1126,-1124.5,-1123,-1121,-1118,-1116.5,-1114.5,-1113,-1110,-1107,-1105.5,-1102,-1100,-1097,-1093.5,-1089.5,-1087
-1057,-1057,-1057,-1056.5,-1056.5,-1057,-1057.5,-1057.5,-1057.5,-1059,-1060,-1062,-1064.5,-1066,-1068,-1070.5,-1073,-1076.5,-1079.5,-1083,-1087,-1092,-1097.5,-1101.5,-1105.5,-1108.5,-1113,-1116,-1119,-1122,-1125,-1126,-1128,-1130,-1131,-1131.5,-1132,-1132,-1134,-1137.5,-1136.5,-1137.5,-1140,-1142,-1143,-1143.5,-1144.5,-1144,-1143,-1142,-1141,-1141,-1141.5,-1141.5,-1141.5,-1143.5,-1149,-1157.5,-1167,-1179.5,-1187.5,-1188.5,-1189,-1188.5,-1185.5,-1183.5,-1171,-1162,-1150,-1141.5,-1138.5,-1136,-1135.5,-1135.5,-1135,-1135,-1137.5,-1143.5,-1143.5,-1139,-1134.5,-1130.5,-1128,-1126,-1124.5,-1123,-1120,-1118,-1116,-1114.5,-1113,-1111,-1107.5,-1106,-1103,-1101,-1098,-1095,-1092,-1088
-1055.5,-1056,-1055,-1055,-1055.5,-1057,-1055.5,-1055.5,-1056,-1058,-1060,-1062,-1064,-1066,-1068.5,-1071,-1074.5,-1079.5,-1083,-1086.5,-1089,-1094.5,-1099,-1103.5,-1107.5,-1111.5,-1115.5,-1119,-1121.5,-1124,-1126.5,-1127.5,-1129,-1130.5,-1132,-1132,-1132,-1133,-1134,-1135.5,-1135.5,-1138.5,-1141.5,-1143,-1144.5,-1145.5,-1146,-1146.5,-1146,-1145,-1142.5,-1142,-1142,-1141.5,-1142,-1147,-1152.5,-1161.5,-1168.5,-1180,-1188.5,-1190,-1190,-1190,-1189.5,-1186,-1178,-1167,-1154,-1144.5,-1140,-1137.5,-1137,-1137,-1136.5,-1136.5,-1138,-1142.5,-1142.5,-1138.5,-1133,-1130,-1128,-1126,-1124,-1122.5,-1119.5,-1118,-1117,-1115.5,-1113,-1111,-1108,-1106.5,-1104.5,-1101.5,-1099,-1096,-1093.5,-1090
-1054.5,-1054,-1052.5,-1052.5,-1053.5,-1054,-1054,-1055,-1055.5,-1057,-1059,-1061.5,-1063.5,-1065.5,-1068.5,-1073.5,-1078,-1082.5,-1087,-1089.5,-1092.5,-1097,-1101.5,-1107,-1111,-1115,-1117,-1120.5,-1124.5,-1126.5,-1128,-1129,-1132.5,-1133.5,-1134.5,-1134.5,-1133,-1132.5,-1134,-1135,-1137,-1140,-1142.5,-1144.5,-1146.5,-1147.5,-1148,-1148.5,-1148,-1146,-1144,-1143,-1143,-1142,-1143.5,-1150,-1155,-1160,-1167.5,-1178,-1187,-1190,-1190,-1190.5,-1190.5,-1188,-1179,-1165.5,-1153.5,-1146,-1141.5,-1140,-1138.5,-1138.5,-1138.5,-1138.5,-1138,-1139,-1139,-1136.5,-1134,-1131,-1128.5,-1126,-1123.5,-1122,-1119.5,-1118.5,-1117,-1115.5,-1113.5,-1110.5,-1108,-1106,-1104.5,-1102.5,-1100,-1096,-1093,-1090
-1052.5,-1051,-1050,-1050.5,-1051.5,-1051.5,-1052.5,-1054,-1055,-1056.5,-1059,-1061.5,-1063.5,-1066,-1069.5,-1074.5,-1081,-1086,-1090.5,-1093.5,-1094.5,-1098,-1103,-1109,-1115,-1119,-1122,-1124.5,-1126.5,-1128.5,-1129.5,-1131.5,-1134,-1135.5,-1138,-1139,-1136,-1134.5,-1135,-1136.5,-1139.5,-1141.5,-1143,-1145.5,-1148,-1148.5,-1149,-1150,-1149,-1147,-1144.5,-1143.5,-1144,-1142.5,-1142,-1146.5,-1149.5,-1154,-1161,-1174.5,-1186,-1188.5,-1189,-1190,-1189,-1186,-1177,-1164.5,-1153,-1146.5,-1142,-1140.5,-1139,-1140,-1140.5,-1140,-1140,-1140,-1139.5,-1138,-1136,-1132.5,-1130.5,-1126.5,-1123,-1121,-1119.5,-1118.5,-1117,-1115,-1114,-1111.5,-1108,-1105,-1104,-1102.5,-1099.5,-1095.5,-1091.5,-1089.5
-1050.5,-1049.5,-1048.5,-1049,-1050,-1050,-1051.5,-1054,-1055,-1057,-1059,-1061.5,-1063.5,-1065.5,-1071,-1075.5,-1081.5,-1087.5,-1093.5,-1095.5,-1097,-1100.5,-1106,-1112.5,-1120.5,-1124,-1125,-1127.5,-1128,-1129.5,-1131,-1132.5,-1135,-1136.5,-1139.5,-1140,-1139,-1138.5,-1137.5,-1140,-1143,-1145,-1145,-1147,-1148.5,-1149,-1149.5,-1149,-1150,-1148.5,-1144,-1143,-1142.5,-1142.5,-1142.5,-1143,-1146.5,-1148.5,-1156,-1168,-1178,-1183,-1186,-1186,-1184.5,-1181,-1174.5,-1163,-1154,-1147,-1142,-1139.5,-1139,-1140.5,-1141,-1141,-1141.5,-1142,-1141,-1139.5,-1137,-1135,-1132.5,-1128,-1124.5,-1122,-1119.5,-1118,-1117,-1115,-1113,-1111,-1108,-1106,-1103.5,-1101.5,-1099,-1095.5,-1091,-1087.5
-1048.5,-1048,-1047,-1046.5,-1048,-1049,-1050.5,-1053.5,-1054.5,-1056.5,-1059,-1061.5,-1063.5,-1066.5,-1071.5,-1077,-1080,-1086,-1090.5,-1094,-1098,-1102,-1107.5,-1113.5,-1120,-1124.5,-1126,-1128.5,-1130.5,-1132,-1133,-1132.5,-1134.5,-1136.5,-1138.5,-1139.5,-1140.5,-1141,-1144.5,-1149,-1150,-1149,-1148,-1149,-1150,-1150,-1149,-1148.5,-1148.5,-1148,-1144,-1142.5,-1142,-1142,-1143,-1143,-1145.5,-1148,-1153.5,-1158.5,-1167.5,-1173.5,-1174.5,-1176,-1177.5,-1175.5,-1171,-1163.5,-1155,-1148,-1142.5,-1139,-1139,-1140,-1141.5,-1142.5,-1142,-1141.5,-1140.5,-1140,-1138.5,-1136.5,-1133.5,-1129.5,-1126.5,-1125,-1121.5,-1118.5,-1117,-1115,-1112.5,-1110,-1108,-1106,-1104,-1100.5,-1097.5,-1095,-1090.5,-1086.5
-1046,-1045.5,-1045,-1046,-1047,-1048.5,-1050,-1052.5,-1054.5,-1056.5,-1059,-1062,-1063.5,-1067,-1070.5,-1075,-1078,-1083.5,-1089,-1093.5,-1099,-1103.5,-1109,-1115.5,-1120,-1124.5,-1128,-1131,-1133,-1135.5,-1137,-1136,-1135.5,-1137,-1139,-1139.5,-1141,-1144,-1147.5,-1152.5,-1154,-1152,-1151,-1150.5,-1151,-1150,-1148.5,-1147.5,-1146.5,-1145.5,-1144,-1143,-1143,-1142.5,-1144.5,-1144,-1146.5,-1148.5,-1150,-1154.5,-1161,-1165.5,-1164.5,-1164.5,-1165.5,-1166.5,-1165,-1160,-1153.5,-1149.5,-1145,-1140.5,-1139,-1140,-1141.5,-1142,-1142,-1141.5,-1140.5,-1139.5,-1138.5,-1136,-1133.5,-1132,-1128.5,-1126,-1123,-1120,-1117,-1115.5,-1113.5,-1111,-1108,-1105.5,-1104,-1100.5,-1098,-1094.5,-1090.5,-1087
-1044.5,-1044,-1044,-1044.5,-1046,-1048.5,-1050.5,-1052,-1055,-1056.5,-1059,-1062,-1064.5,-1067.5,-1070,-1074,-1078.5,-1083.5,-1088,-1095,-1099,-1104.5,-1111,-1117.5,-1121,-1125.5,-1129.5,-1131.5,-1135,-1140.5,-1143.5,-1139.5,-1138,-1138.5,-1140.5,-1142,-1143,-1145.5,-1149,-1152.5,-1154.5,-1153,-1152.5,-1152,-1150.5,-1149.5,-1149,-1148,-1146,-1145,-1144.5,-1144.5,-1144.5,-1144.5,-1145,-1145.5,-1146,-1147.5,-1147.5,-1150.5,-1155,-1156.5,-1155.5,-1157,-1157.5,-1157.5,-1158,-1156,-1154,-1150,-1144.5,-1139.5,-1138.5,-1139.5,-1141,-1141,-1141,-1140.5,-1139.5,-1138.5,-1137.5,-1136.5,-1136,-1133.5,-1131.5,-1128.5,-1125,-1121.5,-1119.5,-1118.5,-1115,-1111,-1109,-1106.5,-1103.5,-1100.5,-1098,-1095,-1091.5,-1086.5
-1043,-1043,-1043,-1044,-1046.5,-1048.5,-1051,-1051.5,-1055,-1056.5,-1059,-1062,-1064,-1067.5,-1070,-1074,-1078,-1083,-1088.5,-1094,-1100.5,-1106,-1111,-1117,-1122,-1126.5,-1131,-1132.5,-1135,-1141.5,-1146,-1143,-1140.5,-1141,-1143,-1144.5,-1145.5,-1147,-1149.5,-1151.5,-1153,-1153,-1153.5,-1154.5,-1152.5,-1151,-1150,-1149,-1146.5,-1146,-1145.5,-1146,-1145,-1145.5,-1147,-1145.5,-1147,-1147.5,-1147.5,-1149,-1152,-1150,-1148.5,-1148,-1149,-1148.5,-1150.5,-1150,-1148.5,-1145.5,-1141,-1138,-1138,-1139.5,-1140,-1139.5,-1139.5,-1139.5,-1139,-1138,-1137.5,-1137,-1137.5,-1134.5,-1132,-1129,-1125,-1122,-1121.5,-1121.5,-1117,-1111,-1109,-1107,-1105,-1101,-1098.5,-1096,-1092.5,-1086.5
-1042,-1041.5,-1042.5,-1045,-1048.5,-1049.5,-1050.5,-1052,-1054.5,-1056.5,-1059,-1061.5,-1063,-1066.5,-1070.5,-1073.5,-1077.5,-1082.5,-1088.5,-1096,-1101.5,-1106,-1110.5,-1116.5,-1122,-1129,-1135,-1133.5,-1133.5,-1139,-1143,-1142,-1142,-1142.5,-1144,-1146,-1147.5,-1148.5,-1150,-1151,-1152,-1153,-1155,-1156,-1156,-1154.5,-1152.5,-1150.5,-1149,-1148.5,-1148,-1147.5,-1147,-1147.5,-1148,-1147.5,-1148.5,-1148.5,-1148,-1149,-1150.5,-1146.5,-1145,-1144,-1143.5,-1144,-1146,-1145,-1143,-1140.5,-1138.5,-1137.5,-1138,-1139,-1139.5,-1139.5,-1139,-1139,-1139,-1138.5,-1138,-1137.5,-1137,-1136,-1133.5,-1131,-1126.5,-1123,-1121.5,-1119.5,-1115.5,-1112,-1109.5,-1106.5,-1105,-1101.5,-1099,-1096.5,-1093,-1087.5
-1040.5,-1040.5,-1042.5,-1045.5,-1048.5,-1049.5,-1050.5,-1053.5,-1053.5,-1056,-1059,-1061,-1062.5,-1065.5,-1069.5,-1073.5,-1079,-1084,-1089,-1095,-1101,-1107,-1110.5,-1117,-1122,-1128.5,-1133,-1133,-1133,-1135.5,-1138.5,-1139.5,-1142,-1143.5,-1146,-1147,-1148.5,-1149,-1150.5,-1151.5,-1152.5,-1154,-1156.5,-1158.5,-1158.5,-1157,-1154.5,-1154,-1154,-1152,-1151,-1149.5,-1149.5,-1150,-1150.5,-1150.5,-1150,-1149.5,-1149,-1148.5,-1147,-1144.5,-1144.5,-1143.5,-1142.5,-1143,-1144.5,-1142.5,-1140,-1138.5,-1137.5,-1137.5,-1138.5,-1138.5,-1140.5,-1142,-1139.5,-1138.5,-1138.5,-1138.5,-1138.5,-1138.5,-1137.5,-1136.5,-1134.5,-1132.5,-1129,-1125,-1121,-1119.5,-1115.5,-1112.5,-1109.5,-1106.5,-1104.5,-1101.5,-1099.5,-1097,-1092,-1087
-1039.5,-1039.5,-1041.5,-1044.5,-1047.5,-1049.5,-1050.5,-1052,-1053.5,-1055.5,-1058.5,-1060.5,-1062.5,-1065.5,-1069.5,-1073,-1079.5,-1084.5,-1090,-1095.5,-1102,-1107.5,-1111.5,-1117.5,-1122.5,-1127,-1129,-1131,-1134.5,-1137.5,-1139,-1138.5,-1141.5,-1144,-1146.5,-1147.5,-1149,-1150,-1151,-1152,-1152,-1154,-1155.5,-1158.5,-1158.5,-1157.5,-1157,-1156,-1155.5,-1154.5,-1152.5,-1152,-1152.5,-1153.5,-1154,-1153.5,-1153.5,-1153,-1151.5,-1150,-1148,-1146,-1145,-1144,-1142.5,-1143,-1142.5,-1141,-1139,-1138.5,-1138,-1138,-1139,-1138.5,-1138.5,-1139,-1138.5,-1138.5,-1139,-1138,-1138,-1138.5,-1137.5,-1137.5,-1135,-1131.5,-1129.5,-1125.5,-1122,-1119.5,-1116.5,-1112.5,-1110,-1107,-1104.5,-1101.5,-1100,-1097.5,-1093,-1087
-1037.5,-1038.5,-1041.5,-1044.5,-1047,-1049,-1050,-1051,-1053,-1056,-1058,-1060.5,-1062.5,-1065,-1069.5,-1075,-1080.5,-1085.5,-1090,-1096.5,-1101.5,-1106.5,-1113,-1119,-1124,-1126.5,-1128,-1131,-1137.5,-1142,-1140,-1139.5,-1141.5,-1144,-1146,-1148,-1149.5,-1150,-1150.5,-1151,-1151.5,-1153,-1155.5,-1158,-1158,-1158,-1159,-1158.5,-1158,-1159,-1158.5,-1157.5,-1156.5,-1156.5,-1158,-1158,-1157.5,-1155.5,-1153,-1152,-1149,-1147.5,-1146,-1145,-1143.5,-1143.5,-1143.5,-1141,-1140.5,-1140,-1139.5,-1139,-1139,-1139,-1140,-1139.5,-1139,-1139.5,-1140,-1140,-1138,-1138,-1138.5,-1138.5,-1136,-1132,-1129.5,-1126,-1122.5,-1120,-1116,-1113,-1109.5,-1107,-1104,-1101.5,-1100,-1097.5,-1094,-1085.5
-1037,-1039,-1041.5,-1044,-1047,-1048,-1048.5,-1050.5,-1053.5,-1055,-1058,-1060.5,-1062.5,-1065.5,-1069,-1075,-1080,-1086,-1091,-1096.5,-1101.5,-1107.5,-1113,-1120,-1125.5,-1127.5,-1128.5,-1130.5,-1133.5,-1138.5,-1138,-1137.5,-1141,-1143.5,-1145.5,-1147,-1148.5,-1150,-1150,-1150.5,-1151.5,-1154,-1155.5,-1157.5,-1159,-1160.5,-1162,-1161.5,-1161,-1162,-1163,-1161.5,-1159.5,-1160,-1161.5,-1161,-1159.5,-1156,-1155,-1152.5,-1150,-1148.5,-1147,-1145.5,-1144,-1143,-1143,-1142.5,-1141.5,-1141,-1140,-1141,-1141,-1140.5,-1140.5,-1140.5,-1140,-1140.5,-1139.5,-1139,-1137.5,-1137.5,-1138.5,-1139,-1137,-1133.5,-1131,-1127,-1123,-1120,-1117.5,-1114,-1111,-1107.5,-1105.5,-1103.5,-1102,-1098,-1093,-1085
-1037.5,-1039.5,-1042,-1044,-1045.5,-1047,-1048,-1050.5,-1053,-1055,-1057.5,-1060,-1062,-1066,-1070,-1074.5,-1080.5,-1087,-1092,-1098,-1102.5,-1107.5,-1116,-1121,-1125.5,-1128,-1128.5,-1128.5,-1129,-1131,-1133,-1135,-1139.5,-1142.5,-1144.5,-1145.5,-1148,-1149.5,-1151,-1152.5,-1153,-1154,-1156.5,-1158.5,-1160,-1162.5,-1164,-1164,-1164,-1165,-1165.5,-1165,-1163.5,-1164.5,-1164.5,-1163,-1161.5,-1158.5,-1156.5,-1153.5,-1150.5,-1149,-1148.5,-1147,-1146,-1144.5,-1143.5,-1143,-1142.5,-1141,-1140.5,-1140.5,-1141,-1141.5,-1141,-1141,-1140.5,-1141,-1139.5,-1138,-1137,-1137.5,-1138.5,-1139,-1136.5,-1134,-1130.5,-1128,-1124,-1121,-1119,-1115,-1111,-1108.5,-1105.5,-1104,-1102.5,-1099,-1093.5,-1086
-1038,-1039.5,-1042,-1043,-1045,-1046,-1048,-1049.5,-1053,-1055,-1057,-1060,-1062,-1065.5,-1070.5,-1074.5,-1080,-1086,-1093,-1098.5,-1103.5,-1109,-1116.5,-1121,-1124,-1127,-1127.5,-1127,-1126.5,-1128,-1130.5,-1132.5,-1137.5,-1141.5,-1143,-1144.5,-1147,-1148.5,-1152,-1155.5,-1154.5,-1154,-1157,-1158.5,-1160.5,-1162.5,-1165,-1166.5,-1167,-1167,-1167,-1166.5,-1166.5,-1166,-1166,-1164,-1162.5,-1160,-1157,-1155,-1152,-1150.5,-1149,-1147,-1146.5,-1145.5,-1145,-1144,-1143,-1141,-1140.5,-1140,-1140,-1140.5,-1141,-1142,-1141,-1141,-1140,-1139.5,-1138.5,-1139,-1139,-1139.5,-1136.5,-1133.5,-1131.5,-1129.5,-1126,-1122.5,-1119,-1115,-1111.5,-1108.5,-1106,-1104,-1102.5,-1098.5,-1092.5,-1086.5
-1038.5,-1039.5,-1040.5,-1042,-1044,-1045.5,-1047.5,-1049.5,-1052,-1055,-1057.5,-1060,-1062,-1066,-1071,-1075,-1080.5,-1086.5,-1092,-1099,-1104,-1110.5,-1115.5,-1119,-1123,-1125.5,-1125.5,-1126,-1126.5,-1128.5,-1129.5,-1132,-1136.5,-1140.5,-1142,-1143,-1144.5,-1146.5,-1149,-1151.5,-1152.5,-1153.5,-1156,-1157.5,-1159.5,-1162,-1164.5,-1167,-1168.5,-1168,-1167.5,-1166.5,-1165.5,-1165.5,-1166,-1165,-1162.5,-1161,-1158,-1155.5,-1153,-1151,-1150,-1148.5,-1147.5,-1146,-1145,-1144,-1144.5,-1142,-1140.5,-1140.5,-1140,-1141.5,-1143,-1142,-1142,-1141.5,-1141,-1140.5,-1140,-1140,-1140,-1139,-1137.5,-1135.5,-1132.5,-1130.5,-1128,-1123,-1119,-1115,-1111.5,-1108,-1105.5,-1104.5,-1102.5,-1098.5,-1093,-1087
-1038,-1039,-1040,-1040.5,-1042,-1043.5,-1046,-1048.5,-1051.5,-1055,-1057.5,-1059.5,-1063,-1066.5,-1071.5,-1076,-1081,-1087.5,-1092,-1099,-1105,-1110.5,-1114.5,-1118.5,-1121.5,-1126,-1127.5,-1126.5,-1127.5,-1128,-1129.5,-1131.5,-1134.5,-1138.5,-1141,-1141,-1143,-1145.5,-1148,-1147.5,-1149,-1152,-1154.5,-1155.5,-1157.5,-1160,-1162.5,-1165.5,-1167,-1167,-1165.5,-1165,-1164,-1163,-1162.5,-1163,-1161.5,-1160.5,-1158,-1156,-1154,-1153.5,-1151.5,-1150,-1149,-1147,-1145.5,-1144.5,-1144.5,-1143.5,-1141.5,-1141,-1140.5,-1143,-1144,-1143,-1142,-1141.5,-1141,-1141,-1141,-1141,-1140.5,-1140.5,-1139.5,-1136,-1134,-1131.5,-1129,-1124,-1118.5,-1115,-1112,-1108,-1106.5,-1105.5,-1103,-1098.5,-1093,-1088
-1037,-1038,-1039,-1040,-1041,-1044,-1045.5,-1047.5,-1051.5,-1054.5,-1057,-1059.5,-1063.5,-1067,-1072,-1076.5,-1081,-1087.5,-1094,-1099,-1105,-1110.5,-1114.5,-1118,-1122,-1125.5,-1127,-1126,-1127,-1128.5,-1130.5,-1132.5,-1134.5,-1136,-1138,-1139,-1141,-1143.5,-1146,-1147,-1147.5,-1148.5,-1151.5,-1153.5,-1155,-1156.5,-1158,-1161,-1163,-1164,-1162,-1162,-1161,-1160.5,-1161.5,-1164,-1161.5,-1160,-1157.5,-1155,-1154,-1153.5,-1152.5,-1150.5,-1150,-1148,-1146.5,-1145,-1144,-1143,-1143.5,-1142.5,-1142.5,-1142,-1141.5,-1142.5,-1142,-1141.5,-1141,-1140.5,-1140.5,-1140,-1140.5,-1140,-1141,-1137,-1134.5,-1130.5,-1126,-1123.5,-1119,-1115,-1113,-1110,-1107.5,-1106,-1103,-1099,-1094.5,-1088.5
-1036,-1037,-1039,-1040,-1041,-1043,-1045,-1048,-1051.5,-1053.5,-1057,-1060,-1064,-1067.5,-1072,-1077,-1082,-1089,-1093,-1098.5,-1105.5,-1111,-1116.5,-1119,-1121.5,-1123.5,-1125,-1126,-1128,-1130,-1134,-1135,-1136,-1137,-1137.5,-1139,-1140.5,-1142.5,-1144,-1144.5,-1145,-1146.5,-1148.5,-1149,-1151,-1151.5,-1154,-1156.5,-1157,-1159.5,-1158,-1158.5,-1157.5,-1158,-1159.5,-1160,-1159,-1158.5,-1156,-1154.5,-1153,-1153,-1152.5,-1151,-1151,-1149.5,-1147,-1145.5,-1144,-1144,-1145.5,-1144,-1144,-1145,-1143.5,-1142.5,-1142,-1141.5,-1141,-1140.5,-1140,-1139.5,-1139,-1138.5,-1138.5,-1137,-1134.5,-1130.5,-1127,-1123.5,-1120,-1116.5,-1113.5,-1111,-1108.5,-1106,-1103,-1098,-1094,-1088.5
-1034.5,-1036,-1038,-1039.5,-1040.5,-1042.5,-1044.5,-1046.5,-1050,-1053.5,-1057,-1060.5,-1064.5,-1067.5,-1072,-1077,-1082.5,-1089,-1093.5,-1099.5,-1106,-1111,-1116,-1120.5,-1122.5,-1124,-1125,-1126.5,-1128.5,-1132.5,-1137,-1140,-1139,-1138.5,-1138.5,-1139,-1141,-1142.5,-1143.5,-1143,-1143,-1144.5,-1146,-1146,-1147,-1147.5,-1150.5,-1152,-1153.5,-1154,-1154.5,-1154.5,-1154.5,-1156.5,-1156.5,-1157,-1157,-1155,-1153.5,-1152.5,-1154,-1152.5,-1153,-1152.5,-1153,-1152,-1148.5,-1146,-1145.5,-1145,-1145.5,-1146.5,-1145,-1147,-1144.5,-1143,-1142.5,-1141.5,-1141.5,-1142,-1140.5,-1138.5,-1138,-1137.5,-1136.5,-1135,-1133,-1130.5,-1127,-1122.5,-1121,-1118,-1113.5,-1111,-1108.5,-1107,-1103.5,-1099.5,-1092.5,-1088.5
-1032.5,-1034,-1036.5,-1038,-1039,-1041,-1043.5,-1045.5,-1049,-1052.5,-1056.5,-1059,-1062.5,-1066.5,-1072.5,-1077.5,-1082.5,-1088.5,-1093.5,-1099.5,-1106,-1111,-1116.5,-1120,-1122.5,-1125.5,-1126.5,-1127.5,-1129.5,-1134,-1139.5,-1144.5,-1142,-1140,-1139.5,-1139.5,-1140.5,-1143,-1142.5,-1141.5,-1141.5,-1143.5,-1146,-1144.5,-1143.5,-1144.5,-1146.5,-1149,-1150,-1150,-1151,-1150.5,-1151,-1151,-1151,-1152.5,-1153.5,-1152.5,-1152,-1151.5,-1151.5,-1152,-1153,-1154,-1156.5,-1156.5,-1153.5,-1149.5,-1148.5,-1146,-1146.5,-1145,-1143.5,-1143.5,-1144,-1144,-1143,-1142.5,-1142.5,-1142,-1140,-1138,-1136.5,-1135.5,-1134,-1132.5,-1132,-1131,-1127.5,-1123,-1120,-1116,-1113.5,-1111,-1108.5,-1106.5,-1102.5,-1099,-1093.5,-1089.5
-1032.5,-1034,-1035.5,-1036.5,-1037.5,-1039.5,-1041.5,-1045,-1047.5,-1051.5,-1055.5,-1058.5,-1061.5,-1066.5,-1073,-1079,-1082.5,-1087.5,-1094.5,-1101,-1107.5,-1112,-1116.5,-1120,-1123,-1127,-1128,-1128.5,-1131.5,-1134.5,-1138.5,-1142.5,-1141.5,-1140.5,-1139.5,-1139.5,-1140.5,-1142,-1142,-1140.5,-1140.5,-1142,-1143.5,-1142.5,-1141.5,-1142.5,-1145,-1146,-1146.5,-1146.5,-1147,-1147,-1147.5,-1147,-1147.5,-1149.5,-1150.5,-1151,-1150.5,-1150.5,-1151,-1150.5,-1152.5,-1156,-1157.5,-1158.5,-1157,-1155.5,-1155,-1151.5,-1146.5,-1144.5,-1143,-1143.5,-1144.5,-1144,-1144,-1143.5,-1142.5,-1142,-1139.5,-1136,-1134,-1132.5,-1131.5,-1131,-1131,-1130,-1125.5,-1122,-1118.5,-1116,-1113,-1109.5,-1107.5,-1104.5,-1101.5,-1098.5,-1094,-1091
-1032,-1033.5,-1035,-1036,-1037,-1038.5,-1040.5,-1044,-1046.5,-1049.5,-1054,-1057.5,-1061.5,-1066.5,-1072,-1079,-1081.5,-1086.5,-1093,-1100,-1106,-1111,-1115.5,-1119.5,-1122.5,-1127,-1129,-1131.5,-1133,-1134.5,-1136,-1138,-1139.5,-1141,-1141,-1141,-1140.5,-1140,-1139.5,-1139.5,-1139.5,-1139,-1140,-1139.5,-1141,-1141.5,-1142.5,-1143,-1144.5,-1146,-1144,-1144.5,-1143,-1143.5,-1145.5,-1149,-1149.5,-1150.5,-1150,-1150,-1150.5,-1149.5,-1151.5,-1154.5,-1157.5,-1159.5,-1160.5,-1162,-1164.5,-1158,-1149.5,-1145,-1144,-1146,-1147,-1146.5,-1145.5,-1145,-1144,-1143.5,-1140.5,-1136,-1132.5,-1130.5,-1130,-1130,-1130,-1128,-1125,-1121.5,-1118.5,-1116,-1112.5,-1109,-1106,-1103.5,-1101.5,-1098.5,-1094,-1091.5
-1031.5,-1033,-1034,-1035,-1036,-1038,-1039.5,-1043,-1045.5,-1048.5,-1052.5,-1056.5,-1060,-1064.5,-1070,-1075,-1081,-1086.5,-1092,-1097.5,-1103,-1108,-1114,-1119,-1122.5,-1127,-1130,-1132.5,-1133.5,-1135,-1135,-1136.5,-1139,-1141,-1141.5,-1142,-1141,-1139,-1138,-1138,-1138,-1138,-1137.5,-1137.5,-1139.5,-1140.5,-1142,-1141.5,-1141.5,-1141.5,-1140.5,-1141,-1141.5,-1141,-1143.5,-1146,-1147,-1149,-1149,-1148,-1148,-1147.5,-1149.5,-1151.5,-1155,-1158,-1160,-1162.5,-1163,-1158,-1149.5,-1146.5,-1146,-1148,-1150.5,-1151,-1148,-1145.5,-1143.5,-1140.5,-1138,-1135,-1132.5,-1130.5,-1128.5,-1127.5,-1127.5,-1126,-1123.5,-1120.5,-1118,-1115,-1111.5,-1109.5,-1105.5,-1102.5,-1100,-1097.5,-1094.5,-1090.5
-1030,-1031.5,-1033.5,-1034.5,-1036,-1037,-1039.5,-1042,-1044.5,-1048,-1051,-1055,-1059,-1063.5,-1068.5,-1074,-1079.5,-1085.5,-1091.5,-1096.5,-1100.5,-1106.5,-1112.5,-1118,-1123,-1126.5,-1129.5,-1132,-1133,-1134.5,-1136,-1138,-1141,-1142,-1141.5,-1141.5,-1139,-1137.5,-1137.5,-1137.5,-1137,-1137,-1137.5,-1138,-1139,-1139.5,-1140,-1140,-1140,-1138.5,-1138,-1137.5,-1138,-1139,-1140.5,-1142,-1144.5,-1146.5,-1146.5,-1146,-1146,-1145.5,-1146,-1148,-1151.5,-1154,-1158,-1160.5,-1159,-1155.5,-1150.5,-1147.5,-1147.5,-1149.5,-1153,-1151.5,-1147.5,-1144,-1141.5,-1138.5,-1136,-1133,-1131,-1129,-1127.5,-1127.5,-1126,-1124.5,-1122,-1120,-1117,-1112.5,-1110,-1108,-1104.5,-1101,-1098.5,-1096,-1093,-1089.5
-1028,-1029.5,-1031.5,-1033.5,-1035,-1036,-1038,-1041,-1043.5,-1047,-1050,-1053.5,-1057.5,-1062.5,-1067.5,-1072.5,-1079,-1083,-1088.5,-1094,-1099,-1105,-1112,-1117.5,-1123,-1127,-1129.5,-1132.5,-1133.5,-1136,-1137.5,-1140,-1141.5,-1141,-1140,-1139.5,-1138,-1137.5,-1137.5,-1137.5,-1137.5,-1138,-1138.5,-1139.5,-1139.5,-1140.5,-1139,-1138,-1137.5,-1136.5,-1136.5,-1136,-1136,-1136,-1138.5,-1140,-1143,-1144.5,-1145,-1144,-1143.5,-1143.5,-1144,-1145.5,-1147,-1150.5,-1157.5,-1159,-1156,-1153.5,-1151.5,-1150,-1149,-1150.5,-1151,-1149.5,-1146,-1143.5,-1141,-1138.5,-1136.5,-1132.5,-1130,-1129,-1127.5,-1125.5,-1123.5,-1122.5,-1119,-1116.5,-1113.5,-1111,-1109,-1106,-1103,-1100.5,-1097,-1094,-1091.5,-1088.5
-1027,-1028,-1030.5,-1031.5,-1032.5,-1034,-1036.5,-1040,-1043,-1045.5,-1049.5,-1052.5,-1056.5,-1061,-1065,-1070.5,-1076.5,-1081.5,-1086.5,-1092,-1098.5,-1104.5,-1109.5,-1116,-1122,-1126.5,-1130,-1132.5,-1134.5,-1135.5,-1138,-1139,-1139.5,-1139,-1138,-1138,-1137.5,-1137.5,-1137.5,-1138.5,-1138.5,-1139,-1140,-1141,-1140.5,-1141.5,-1139,-1137.5,-1136,-1134.5,-1133.5,-1134.5,-1134,-1134,-1136,-1138.5,-1140.5,-1142.5,-1143.5,-1142,-1141.5,-1141.5,-1142.5,-1143.5,-1145,-1147.5,-1152,-1153,-1152.5,-1151.5,-1152,-1151.5,-1151.5,-1152.5,-1151,-1148.5,-1145,-1142.5,-1140.5,-1137.5,-1135,-1132,-1129.5,-1129,-1129,-1127,-1123.5,-1121.5,-1118.5,-1115,-1111,-1109,-1107,-1104.5,-1100,-1098,-1095,-1092,-1090.5,-1088
-1026,-1027.5,-1028,-1029.5,-1031,-1032.5,-1034.5,-1037,-1041,-1044,-1049,-1052,-1055,-1059.5,-1063.5,-1068.5,-1074,-1078.5,-1084.5,-1090,-1096,-1102.5,-1107.5,-1115,-1120.5,-1125.5,-1130,-1133,-1133.5,-1135,-1137,-1138,-1138.5,-1137.5,-1137,-1137.5,-1137.5,-1137.5,-1138,-1138.5,-1139,-1139.5,-1141,-1142,-1141,-1139.5,-1137.5,-1136.5,-1135,-1133,-1131.5,-1132,-1131.5,-1132.5,-1134.5,-1137.5,-1139,-1140,-1140,-1140.5,-1140.5,-1141,-1142,-1143,-1145.5,-1145.5,-1146,-1147.5,-1149,-1150,-1151.5,-1152,-1152.5,-1151.5,-1149.5,-1147.5,-1144.5,-1142,-1139.5,-1136,-1134.5,-1132,-1129,-1127,-1126,-1124,-1123,-1119.5,-1115,-1112.5,-1109,-1108,-1105.5,-1103.5,-1099.5,-1096,-1094,-1092,-1090,-1088
-1024.5,-1025.5,-1026.5,-1027.5,-1028.5,-1031,-1033.5,-1036,-1039,-1042,-1046.5,-1050.5,-1053,-1058,-1061.5,-1065.5,-1070,-1076,-1081.5,-1088,-1094,-1099,-1105.5,-1112.5,-1119,-1124.5,-1129,-1132.5,-1134.5,-1136,-1138,-1137,-1137,-1136.5,-1137,-1138,-1138,-1137,-1137.5,-1138.5,-1139,-1139.5,-1141,-1142.5,-1141.5,-1139.5,-1137,-1135,-1133,-1131.5,-1130.5,-1130,-1131,-1133.5,-1136,-1138.5,-1139.5,-1139.5,-1138.5,-1138.5,-1139,-1140,-1141,-1143.5,-1145.5,-1145,-1145,-1145,-1147,-1150.5,-1152,-1152.5,-1151.5,-1150.5,-1150,-1147,-1143,-1141,-1139.5,-1136.5,-1133.5,-1131,-1129,-1126,-1123.5,-1122,-1122,-1120,-1114,-1112,-1108,-1106.5,-1104.5,-1101.5,-1097.5,-1095,-1092.5,-1090.5,-1088.5,-1088
-1023,-1024,-1024.5,-1025,-1026.5,-1029,-1032,-1035,-1038.5,-1040.5,-1044,-1048,-1052,-1056.5,-1060,-1064,-1067.5,-1073,-1080,-1084.5,-1090.5,-1097.5,-1104,-1109.5,-1116.5,-1122,-1127,-1131.5,-1134.5,-1135.5,-1136.5,-1136,-1136.5,-1136,-1135.5,-1136.5,-1136.5,-1136.5,-1136.5,-1138,-1138.5,-1139,-1141,-1142.5,-1141,-1139,-1137,-1134,-1131.5,-1130.5,-1129,-1130.5,-1133,-1137,-1141.5,-1144,-1143.5,-1139.5,-1138,-1137.5,-1138,-1138.5,-1140,-1141.5,-1143,-1142.5,-1143.5,-1143.5,-1145.5,-1149.5,-1151,-1151.5,-1151.5,-1152.5,-1149.5,-1144.5,-1141,-1140,-1138,-1135,-1133,-1129,-1126,-1123.5,-1121,-1120.5,-1122,-1119,-1113,-1109.5,-1106.5,-1104.5,-1102,-1099,-1097,-1093.5,-1090.5,-1088,-1086.5,-1085.5